date,Unnamed: 0,dscamt,SKY,PRE,WF,RN_ST,MIN,MAX,MIN_L,MIN_H,MAX_L,MAX_H
2019-12-04,3,396985758.0,0.0,0.0,0.0,10,-3.0,5.0,3.0,3.0,3.0,2.0
2019-12-05,4,364589895.0,0.0,0.0,0.0,10,-6.0,2.0,3.0,3.0,3.0,2.0
2019-12-06,5,360386531.0,0.0,0.0,0.0,10,-7.0,2.0,3.0,3.0,3.0,2.0
2019-12-07,6,395314050.0,2.0,0.0,1.0,30,-5.0,4.0,3.0,3.0,3.0,2.0
2019-12-08,7,483384266.0,0.0,0.0,0.0,10,-4.0,4.0,3.0,3.0,3.0,2.0
2019-12-09,8,463688700.0,0.0,0.0,0.0,20,-3.0,5.0,3.0,3.0,3.0,3.0
2019-12-10,9,406536030.0,0.0,0.0,0.0,20,-1.0,6.0,3.0,3.0,3.0,3.0
2019-12-11,10,383173810.0,0.0,0.0,0.0,20,-1.3333333333333333,6.333333333333333,2.6666666666666665,2.6666666666666665,2.6666666666666665,2.6666666666666665
2019-12-12,11,370752685.0,0.0,0.0,0.0,20,-1.6666666666666665,6.666666666666667,2.3333333333333335,2.3333333333333335,2.3333333333333335,2.3333333333333335
2019-12-13,12,366816066.0,0.0,0.0,0.0,10,-2.0,7.0,2.0,2.0,2.0,2.0
2019-12-14,13,386275265.0,2.0,2.0,1.0,100.0,1.0,6.0,3.0,2.0,3.0,2.0
2019-12-15,14,472814268.0,0.0,0.0,0.0,10,-2.0,6.0,3.0,2.0,2.0,3.0
2019-12-16,15,456886683.0,2.0,0.0,1.0,30,2.0,7.0,3.0,2.0,2.0,2.0
2019-12-17,16,356458448.0,3.0,1.0,2.0,100.0,4.0,7.0,3.0,3.0,3.0,2.0
2019-12-18,17,347341587.0,0.0,0.0,0.0,20,1.0,5.0,3.0,3.0,3.0,2.0
2019-12-19,18,373373665.0,0.0,0.0,0.0,20,-3.0,3.0,1.0,3.0,2.0,2.0
2019-12-20,19,352512747.0,0.0,0.0,0.0,20,-2.3333333333333335,4.333333333333333,1.3333333333333333,2.6666666666666665,2.0,2.0
2019-12-21,20,383467224.0,0.0,0.0,0.0,20,-1.6666666666666667,5.666666666666666,1.6666666666666665,2.3333333333333335,2.0,2.0
2019-12-22,21,450133756.0,2.0,0.0,1.0,30,-1.0,7.0,2.0,2.0,2.0,2.0
2019-12-23,22,432556458.0,2.0,2.0,1.0,100.0,0.0,6.0,2.0,2.0,2.0,2.0
2019-12-24,23,378107336.0,0.0,0.0,0.0,10,-1.0,7.0,2.0,2.0,2.0,2.0
2019-12-25,24,388811048.0,2.0,0.0,1.0,30,1.0,7.0,3.0,3.0,3.0,3.0
2019-12-26,25,411689396.0,2.0,0.0,1.0,30,0.0,5.0,3.0,3.0,3.0,3.0
2019-12-27,26,361657639.0,0.0,0.0,0.0,20,-3.0,4.0,2.0,5.0,3.0,2.0
2019-12-28,27,386459889.0,0.0,0.0,0.0,20,-3.0,4.0,3.0,3.0,3.0,3.0
2019-12-29,28,438240115.0,0.0,0.0,0.0,20,-5.333333333333334,2.0,2.3333333333333335,3.0,2.3333333333333335,2.6666666666666665
2019-12-30,29,436021928.0,0.0,0.0,0.0,20,-7.666666666666667,0.0,1.6666666666666667,3.0,1.6666666666666667,2.3333333333333335
2019-12-31,30,390707739.0,0.0,0.0,0.0,0,-10.0,-2.0,1.0,3.0,1.0,2.0
2020-01-01,31,348222237.0,2.0,0.0,1.0,30,-7.0,1.0,1.0,2.0,1.0,2.0
2020-01-02,32,375193766.0,2.0,0.0,1.0,30,-3.0,5.0,2.0,2.0,2.0,2.0
2020-01-03,33,323640074.0,0.0,0.0,0.0,0,-4.0,4.0,2.0,4.0,2.0,2.0
2020-01-04,34,333024738.0,0.0,0.0,0.0,0,-4.0,3.0,3.0,3.0,3.0,1.0
2020-01-05,35,391434077.0,0.0,0.0,0.0,10,-5.0,4.0,2.0,3.0,1.0,2.0
2020-01-06,36,364887327.0,2.0,0.0,1.0,30,-4.0,4.0,2.0,3.0,2.0,2.0
2020-01-07,37,299778668.0,2.0,0.0,1.0,30,-4.0,3.6666666666666665,1.6666666666666667,2.3333333333333335,1.6666666666666667,1.6666666666666667
2020-01-08,38,365421926.0,2.0,0.0,1.0,30,-4.0,3.3333333333333335,1.3333333333333335,1.6666666666666667,1.3333333333333335,1.3333333333333335
2020-01-09,39,322672397.0,0.0,0.0,0.0,0,-4.0,3.0,1.0,1.0,1.0,1.0
2020-01-10,40,313119048.0,3.0,0.0,2.0,30,-4.0,4.0,2.0,1.0,1.0,1.0
2020-01-11,41,325355928.0,2.0,0.0,1.0,20,-2.0,5.0,1.0,1.0,1.0,1.0
2020-01-12,42,389972694.0,3.0,0.0,2.0,30,-2.0,3.0,1.0,2.0,1.0,1.0
2020-01-13,43,371951238.0,0.0,0.0,0.0,10,-4.0,3.0,1.0,1.0,1.0,2.0
2020-01-14,44,337060197.0,0.0,0.0,0.0,20,-4.0,3.0,2.0,2.0,1.0,1.0
2020-01-15,45,314924479.0,0.0,0.0,0.0,10,-5.0,3.0,3.0,2.0,1.0,2.0
2020-01-16,46,313698777.0,0.0,0.0,0.0,10,-4.666666666666667,3.6666666666666665,2.6666666666666665,1.6666666666666667,1.0,1.6666666666666667
2020-01-17,47,315648135.0,0.0,0.0,0.0,10,-4.333333333333333,4.333333333333333,2.3333333333333335,1.3333333333333335,1.0,1.3333333333333335
2020-01-18,48,335051427.0,0.0,0.0,0.0,0,-4.0,5.0,2.0,1.0,1.0,1.0
2020-01-19,49,404741698.0,3.0,0.0,2.0,30,-2.0,4.0,2.0,1.0,1.0,2.0
2020-01-20,50,396473627.0,0.0,0.0,0.0,10,-2.0,4.0,2.0,2.0,1.0,2.0
2020-01-21,51,373556658.0,2.0,0.0,1.0,20,-3.0,4.0,2.0,2.0,1.0,2.0
2020-01-22,52,386682696.0,3.0,0.0,2.0,30,-3.0,5.0,2.0,2.0,2.0,2.0
2020-01-23,53,465719695.0,3.0,0.0,2.0,30,-2.0,4.0,2.0,2.0,2.0,2.0
2020-01-24,54,505343638.0,3.0,0.0,2.0,30,-3.0,2.0,2.0,2.0,2.0,2.0
2020-01-25,55,316299388.0,3.0,0.0,2.0,30,-1.0,3.666666666666667,1.6666666666666667,2.0,2.0,2.0
2020-01-26,56,344878396.0,3.0,0.0,2.0,30,1.0,5.333333333333334,1.3333333333333335,2.0,2.0,2.0
2020-01-27,57,461775567.0,3.0,0.0,2.0,40,3.0,7.0,1.0,2.0,2.0,2.0
2020-01-28,58,430463806.0,3.0,1.0,2.0,100.0,3.0,9.0,1.0,2.0,2.0,2.0
2020-01-29,59,362058224.0,3.0,0.0,2.0,40,3.0,9.0,1.0,2.0,2.0,2.0
2020-01-30,60,354835548.0,3.0,0.0,2.0,40,2.0,7.0,2.0,2.0,2.0,2.0
2020-01-31,61,337927487.0,2.0,0.0,1.0,30,1.0,6.0,2.0,2.0,2.0,2.0
2020-02-01,62,429461099.0,2.0,0.0,1.0,30,-1.0,5.0,2.0,2.0,2.0,2.0
2020-02-02,63,527034709.0,2.0,0.0,1.0,30,-2.0,4.0,2.0,2.0,2.0,2.0
2020-02-03,64,478431729.0,2.0,0.0,1.0,30,-4.666666666666666,1.6666666666666665,2.0,1.6666666666666667,2.0,2.0
2020-02-04,65,401785108.0,2.0,0.0,1.0,30,-7.333333333333333,-0.666666666666667,2.0,1.3333333333333335,2.0,2.0
2020-02-05,66,359178804.0,0.0,0.0,0.0,0,-10.0,-3.0,2.0,1.0,2.0,2.0
2020-02-06,67,380987468.0,0.0,0.0,0.0,0,-10.0,0.0,2.0,1.0,2.0,2.0
2020-02-07,68,392977896.0,2.0,0.0,1.0,30,-6.0,3.0,2.0,2.0,2.0,2.0
2020-02-08,69,437717447.0,0.0,0.0,0.0,10,-3.0,5.0,2.0,2.0,2.0,2.0
2020-02-09,70,446041605.0,0.0,0.0,0.0,20,-2.0,6.0,2.0,2.0,2.0,2.0
2020-02-10,71,463184867.0,0.0,0.0,0.0,10,0.0,7.0,2.0,2.0,2.0,2.0
2020-02-11,72,408404808.0,0.0,0.0,0.0,20,-1.0,8.0,2.0,3.0,2.0,2.0
2020-02-12,73,350307804.0,0.0,0.0,0.0,20,0.6666666666666667,9.0,2.0,2.6666666666666665,2.0,1.6666666666666667
2020-02-13,74,412026428.0,0.0,0.0,0.0,20,2.3333333333333335,10.0,2.0,2.3333333333333335,2.0,1.3333333333333335
2020-02-14,75,381794964.0,2.0,0.0,1.0,30,4.0,11.0,2.0,2.0,2.0,1.0
2020-02-15,76,400404520.0,2.0,0.0,1.0,20,3.0,10.0,2.0,1.0,4.0,2.0
2020-02-16,77,442399253.0,3.0,1.0,2.0,100.0,1.0,4.0,4.0,2.0,4.0,3.0
2020-02-17,78,418656469.0,0.0,0.0,0.0,20,-4.0,3.0,4.0,2.0,2.0,3.0
2020-02-18,79,400966357.0,0.0,0.0,0.0,10,-6.0,3.0,2.0,2.0,1.0,2.0
2020-02-19,80,386253756.0,0.0,0.0,0.0,0,-5.0,5.0,2.0,1.0,1.0,2.0
2020-02-20,81,383552549.0,0.0,0.0,0.0,0,-3.0,7.0,2.0,1.0,1.0,1.0
2020-02-21,82,366046189.0,0.0,0.0,0.0,0,-3.0,7.333333333333333,1.3333333333333335,1.0,0.6666666666666667,1.0
2020-02-22,83,408953334.0,0.0,0.0,0.0,0,-3.0,7.666666666666667,0.6666666666666667,1.0,0.33333333333333337,1.0
2020-02-23,84,515354604.0,0.0,0.0,0.0,0,-3.0,8.0,0.0,1.0,0.0,1.0
2020-02-24,85,416321316.0,2.0,0.0,1.0,20,2.0,11.0,2.0,1.0,1.0,1.0
2020-02-25,86,406501475.0,3.0,1.0,2.0,100.0,4.0,12.0,2.0,3.0,1.0,1.0
2020-02-26,87,432852683.0,2.0,0.0,1.0,20,3.0,10.0,1.0,1.0,1.0,1.0
2020-02-27,88,415804737.0,0.0,0.0,0.0,0,1.0,10.0,2.0,1.0,1.0,1.0
2020-02-28,89,364290825.0,3.0,1.0,2.0,100.0,2.0,8.0,1.0,2.0,1.0,2.0
2020-02-29,90,463052027.0,3.0,0.0,2.0,40,2.0,9.0,1.0,2.0,2.0,2.0
2020-03-01,91,497354264.0,3.0,0.0,2.0,40,1.3333333333333335,9.666666666666666,1.0,1.6666666666666667,1.6666666666666667,1.6666666666666667
2020-03-02,92,455547442.0,3.0,0.0,2.0,40,0.6666666666666667,10.333333333333334,1.0,1.3333333333333335,1.3333333333333335,1.3333333333333335
2020-03-03,93,419949317.0,0.0,0.0,0.0,0,0.0,11.0,1.0,1.0,1.0,1.0
2020-03-04,94,370529248.0,3.0,2.0,2.0,100.0,1.0,5.0,1.0,1.0,1.0,1.0
2020-03-05,95,396034585.0,0.0,0.0,0.0,0,-2.0,8.0,0.0,1.0,1.0,1.0
2020-03-06,96,382705351.0,2.0,0.0,1.0,20,-1.0,8.0,1.0,1.0,1.0,1.0
2020-03-07,97,412423367.0,2.0,0.0,1.0,20,0.0,11.0,1.0,2.0,1.0,1.0
2020-03-08,98,500313866.0,0.0,0.0,0.0,20,3.0,14.0,2.0,1.0,1.0,2.0
2020-03-09,99,451867058.0,3.0,1.0,2.0,100.0,5.0,13.0,2.0,2.0,4.0,2.0
2020-03-10,100,368743027.0,3.0,1.0,2.0,100.0,4.0,13.0,1.6666666666666667,1.6666666666666667,2.666666666666667,1.3333333333333335
2020-03-11,101,414654446.0,3.0,1.0,2.0,100.0,3.0,13.0,1.3333333333333335,1.3333333333333335,1.3333333333333335,0.6666666666666667
2020-03-12,102,383028618.0,0.0,0.0,0.0,0,2.0,13.0,1.0,1.0,0.0,0.0
2020-03-13,103,371447367.0,3.0,1.0,2.0,100.0,2.0,6.0,2.0,2.0,1.0,2.0
2020-03-14,104,399625388.0,0.0,0.0,0.0,10,-2.0,8.0,1.0,2.0,1.0,1.0
2020-03-15,105,396281425.0,0.0,0.0,0.0,10,0.0,9.0,1.0,1.0,1.0,1.0
2020-03-16,106,453694787.0,0.0,0.0,0.0,0,1.0,11.0,1.0,2.0,1.0,1.0
2020-03-17,107,400500629.0,0.0,0.0,0.0,20,3.0,13.0,1.0,2.0,1.0,1.0
2020-03-18,108,404285743.0,0.0,0.0,0.0,20,5.0,13.0,2.0,1.0,1.0,1.0
2020-03-19,109,364760475.0,0.0,0.0,0.0,20,5.333333333333333,14.0,1.6666666666666667,1.0,1.0,1.0
2020-03-20,110,401245277.0,0.0,0.0,0.0,20,5.666666666666667,15.0,1.3333333333333335,1.0,1.0,1.0
2020-03-21,111,410746322.0,0.0,0.0,0.0,10,6.0,16.0,1.0,1.0,1.0,1.0
2020-03-22,112,487748541.0,0.0,0.0,0.0,20,5.0,15.0,2.0,2.0,1.0,1.0
2020-03-23,113,453757000.0,0.0,0.0,0.0,10,5.0,15.0,1.0,2.0,1.0,2.0
2020-03-24,114,407430665.0,0.0,0.0,0.0,0,5.0,17.0,2.0,3.0,2.0,2.0
2020-03-25,115,398759596.0,2.0,0.0,1.0,30,7.0,17.0,3.0,3.0,2.0,2.0
2020-03-26,116,388213388.0,3.0,1.0,2.0,100.0,9.0,17.0,2.0,2.0,2.0,2.0
2020-03-27,117,385708428.0,2.0,0.0,1.0,30,9.0,16.0,3.0,2.0,3.0,3.0
2020-03-28,118,404017755.0,2.0,0.0,1.0,30,7.666666666666667,16.333333333333332,3.0,1.6666666666666667,2.3333333333333335,2.3333333333333335
2020-03-29,119,483661885.0,2.0,0.0,1.0,30,6.333333333333334,16.666666666666668,3.0,1.3333333333333335,1.6666666666666667,1.6666666666666667
2020-03-30,120,449727214.0,0.0,0.0,0.0,0,5.0,17.0,3.0,1.0,1.0,1.0
2020-03-31,121,401987956.0,2.0,0.0,1.0,20,8.0,18.0,4.0,2.0,1.0,1.0
2020-04-01,122,381690843.0,2.0,0.0,1.0,30,8.0,18.0,2.0,2.0,1.0,1.0
2020-04-02,123,390235498.0,0.0,0.0,0.0,20,6.0,15.0,1.0,1.0,2.0,2.0
2020-04-03,124,376387027.0,0.0,0.0,0.0,10,6.0,16.0,2.0,2.0,1.0,1.0
2020-04-04,125,392373407.0,0.0,0.0,0.0,10,6.0,16.0,3.0,1.0,1.0,1.0
2020-04-05,126,479412419.0,0.0,0.0,0.0,10,7.0,16.0,3.0,2.0,2.0,1.0
2020-04-06,127,442498267.0,0.0,0.0,0.0,10,6.0,15.333333333333334,2.3333333333333335,1.6666666666666667,1.6666666666666667,1.3333333333333333
2020-04-07,128,402605975.0,0.0,0.0,0.0,10,5.0,14.666666666666666,1.6666666666666667,1.3333333333333335,1.3333333333333335,1.6666666666666665
2020-04-08,129,383271277.0,0.0,0.0,0.0,0,4.0,14.0,1.0,1.0,1.0,2.0
2020-04-09,130,380934115.0,0.0,0.0,0.0,0,5.0,16.0,1.0,1.0,1.0,1.0
2020-04-10,131,371727718.0,0.0,0.0,0.0,10,6.0,17.0,2.0,1.0,1.0,1.0
2020-04-11,132,396112576.0,0.0,0.0,0.0,10,7.0,17.0,1.0,1.0,1.0,1.0
2020-04-12,133,400194943.0,0.0,0.0,0.0,20,7.0,17.0,3.0,1.0,2.0,1.0
2020-04-13,134,433063064.0,0.0,0.0,0.0,20,7.0,17.0,2.0,2.0,1.0,1.0
2020-04-14,135,390865769.0,0.0,0.0,0.0,0,9.0,19.0,2.0,3.0,2.0,1.0
2020-04-15,136,398945646.0,0.0,0.0,0.0,0,9.333333333333334,18.0,1.6666666666666667,2.3333333333333335,1.6666666666666667,1.0
2020-04-16,137,419498957.0,0.0,0.0,0.0,0,9.666666666666666,17.0,1.3333333333333335,1.6666666666666667,1.3333333333333335,1.0
2020-04-17,138,350376816.0,3.0,1.0,2.0,100.0,10.0,16.0,1.0,1.0,1.0,1.0
2020-04-18,139,421626074.0,0.0,0.0,0.0,20,8.0,19.0,1.0,1.0,1.0,1.0
2020-04-19,140,420337464.0,2.0,0.0,1.0,30,9.0,18.0,1.0,1.0,2.0,2.0
2020-04-20,141,472733467.0,2.0,0.0,1.0,40,9.0,18.0,2.0,2.0,2.0,2.0
2020-04-21,142,389263059.0,0.0,0.0,0.0,20,8.0,16.0,2.0,2.0,3.0,2.0
2020-04-22,143,375171108.0,0.0,0.0,0.0,20,8.0,16.0,3.0,2.0,2.0,2.0
2020-04-23,144,382472979.0,0.0,0.0,0.0,10,7.0,16.0,2.0,2.0,2.0,2.0
2020-04-24,145,373075707.0,0.0,0.0,0.0,10,7.0,16.666666666666668,1.6666666666666667,1.6666666666666667,1.6666666666666667,1.6666666666666667
2020-04-25,146,397941157.0,0.0,0.0,0.0,10,7.0,17.333333333333332,1.3333333333333335,1.3333333333333335,1.3333333333333335,1.3333333333333335
2020-04-26,147,478295543.0,0.0,0.0,0.0,0,7.0,18.0,1.0,1.0,1.0,1.0
2020-04-27,148,449579139.0,0.0,0.0,0.0,10,7.0,17.0,1.0,1.0,1.0,1.0
2020-04-28,149,401041696.0,0.0,0.0,0.0,0,8.0,19.0,2.0,1.0,1.0,1.0
2020-04-29,150,395589483.0,0.0,0.0,0.0,0,9.0,20.0,2.0,1.0,1.0,1.0
2020-04-30,151,391772042.0,0.0,0.0,0.0,20,10.0,21.0,2.0,1.0,1.0,1.0
2020-05-01,152,396479098.0,0.0,0.0,0.0,20,12.0,24.0,1.0,1.0,2.0,2.0
2020-05-02,153,459429702.0,2.0,0.0,1.0,30,13.0,24.0,2.0,1.0,1.0,2.0
2020-05-03,154,472245768.0,2.0,0.0,1.0,30,13.0,24.333333333333332,1.6666666666666667,1.0,1.3333333333333333,1.6666666666666667
2020-05-04,155,465219705.0,2.0,0.0,1.0,30,13.0,24.666666666666668,1.3333333333333335,1.0,1.6666666666666665,1.3333333333333335
2020-05-05,156,436628291.0,2.0,0.0,1.0,30,13.0,25.0,1.0,1.0,2.0,1.0
2020-05-06,157,465230083.0,0.0,0.0,0.0,0,13.0,27.0,1.0,1.0,2.0,2.0
2020-05-07,158,416423347.0,0.0,0.0,0.0,0,14.0,27.0,2.0,1.0,2.0,2.0
2020-05-08,159,389368358.0,2.0,0.0,1.0,30,14.0,25.0,1.0,2.0,3.0,3.0
2020-05-09,160,381701539.0,3.0,0.0,2.0,40,15.0,23.0,2.0,2.0,2.0,1.0
2020-05-10,161,544924360.0,2.0,0.0,1.0,30,13.0,24.0,1.0,2.0,2.0,2.0
2020-05-11,162,497454136.0,0.0,0.0,0.0,20,13.0,24.0,2.0,2.0,2.0,2.0
2020-05-12,163,431052038.0,0.0,0.0,0.0,20,12.666666666666666,24.333333333333332,2.3333333333333335,2.0,1.6666666666666667,1.6666666666666667
2020-05-13,164,418186594.0,0.0,0.0,0.0,20,12.333333333333334,24.666666666666668,2.6666666666666665,2.0,1.3333333333333335,1.3333333333333335
2020-05-14,165,414822112.0,2.0,0.0,1.0,30,12.0,25.0,3.0,2.0,1.0,1.0
2020-05-15,166,354875736.0,3.0,1.0,2.0,100.0,15.0,24.0,2.0,2.0,2.0,2.0
2020-05-16,167,468539738.0,3.0,0.0,2.0,40,15.0,23.0,2.0,2.0,2.0,2.0
2020-05-17,168,555143084.0,3.0,0.0,2.0,40,15.0,25.0,2.0,2.0,2.0,2.0
2020-05-18,169,448763432.0,0.0,0.0,0.0,20,14.0,23.0,2.0,2.0,2.0,2.0
2020-05-19,170,457245127.0,2.0,0.0,1.0,30,15.0,24.0,3.0,2.0,2.0,2.0
2020-05-20,171,432692606.0,0.0,0.0,0.0,20,14.0,23.0,2.0,2.0,2.0,2.0
2020-05-21,172,415997604.0,0.0,0.0,0.0,20,14.333333333333334,23.0,1.6666666666666667,1.6666666666666667,1.6666666666666667,2.0
2020-05-22,173,414684839.0,0.0,0.0,0.0,20,14.666666666666666,23.0,1.3333333333333335,1.3333333333333335,1.3333333333333335,2.0
2020-05-23,174,457254626.0,2.0,0.0,1.0,20,15.0,23.0,1.0,1.0,1.0,2.0
2020-05-24,175,528492979.0,3.0,1.0,2.0,100.0,15.0,22.0,1.0,1.0,1.0,2.0
2020-05-25,176,505499687.0,2.0,0.0,1.0,30,15.0,23.0,1.0,1.0,2.0,1.0
2020-05-26,177,421979856.0,0.0,0.0,0.0,10,15.0,24.0,1.0,1.0,1.0,1.0
2020-05-27,178,440227915.0,0.0,0.0,0.0,10,15.0,25.0,2.0,2.0,2.0,2.0
2020-05-28,179,425453107.0,0.0,0.0,0.0,10,15.0,25.0,2.0,2.0,2.0,2.0
2020-05-29,180,431839736.0,0.0,0.0,0.0,20,16.0,25.0,2.0,2.0,2.0,2.0
2020-05-30,181,475735880.0,0.0,0.0,0.0,20,16.333333333333332,25.333333333333332,1.6666666666666667,1.6666666666666667,2.0,1.6666666666666667
2020-05-31,182,562354033.0,0.0,0.0,0.0,20,16.666666666666668,25.666666666666668,1.3333333333333335,1.3333333333333335,2.0,1.3333333333333335
2020-06-01,183,558959533.24,3.0,0.0,2.0,40,17.0,26.0,1.0,1.0,2.0,1.0
2020-06-02,184,555565033.48,2.0,0.0,1.0,30,17.0,24.0,1.0,1.0,2.0,1.0
2020-06-03,185,552170533.72,3.0,0.0,2.0,40,18.0,27.0,1.0,1.0,1.0,2.0
2020-06-04,186,548776033.96,0.0,0.0,0.0,20,17.0,26.0,1.0,1.0,1.0,2.0
2020-06-05,187,545381534.2,2.0,0.0,1.0,20,17.0,27.0,1.0,2.0,2.0,2.0
2020-06-06,188,541987034.44,0.0,0.0,0.0,20,18.0,28.0,2.0,2.0,1.0,2.0
2020-06-07,189,538592534.68,0.0,0.0,0.0,20,18.0,27.0,1.0,2.0,2.0,1.0
2020-06-10,190,535198034.92,2.0,0.0,1.0,30,20.0,31.0,2.0,1.0,1.0,2.0
2020-06-11,191,531803535.16,0.0,0.0,0.0,20,21.0,30.0,1.0,1.0,3.0,1.0
2020-06-12,192,528409035.4,2.0,0.0,1.0,30,20.0,29.0,1.0,1.0,2.0,2.0
2020-06-13,193,525014535.64,2.0,0.0,1.0,30,19.0,29.0,1.0,2.0,2.0,1.0
2020-06-14,194,521620035.88,2.0,0.0,1.0,30,19.0,29.0,1.0,1.0,2.0,1.0
2020-06-15,195,518225536.12,2.0,0.0,1.0,30,19.0,28.0,1.0,1.0,2.0,2.0
2020-06-16,196,514831036.36,2.0,0.0,1.0,30,19.0,28.0,2.0,2.0,2.0,2.0
2020-06-19,197,511436536.6,2.0,0.0,1.0,20,20.0,32.0,1.0,1.0,2.0,1.0
2020-06-20,198,508042036.84000003,0.0,0.0,0.0,0,20.0,31.0,1.0,1.0,1.0,2.0
2020-06-21,199,504647537.08,0.0,0.0,0.0,0,21.0,31.0,1.0,1.0,2.0,1.0
2020-06-22,200,501253037.32,0.0,0.0,0.0,0,21.0,32.0,1.0,0.0,2.0,3.0
2020-06-23,201,497858537.56,2.0,0.0,1.0,30,21.0,32.0,1.0,1.0,1.0,3.0
2020-06-24,202,494464037.8,3.0,0.0,2.0,40,21.0,31.0,1.0,1.0,2.0,2.0
2020-06-25,203,491069538.04,3.0,1.0,2.0,100.0,21.0,29.0,1.0,1.0,3.0,3.0
2020-06-28,204,487675038.28,2.0,0.0,1.0,20,22.0,30.0,1.0,1.0,2.0,2.0
2020-06-29,205,484280538.52,2.0,0.0,1.0,30,22.0,29.0,1.0,2.0,3.0,1.0
2020-06-30,206,480886038.76,0.0,0.0,0.0,20,22.0,30.0,1.0,1.0,2.0,1.0
2020-07-01,207,477491539.0,0.0,0.0,0.0,20,21.0,29.0,2.0,1.0,1.0,1.0
2020-07-02,208,460808163.0,2.0,0.0,1.0,30,21.0,29.0,2.0,1.0,1.0,1.0
2020-07-03,209,458795872.0,3.0,0.0,2.0,40,22.0,29.0,1.0,1.0,1.0,1.0
2020-07-04,210,489716765.0,3.0,1.0,2.0,100.0,22.0,28.0,1.0,1.0,2.0,2.0
2020-07-05,211,588588577.0,3.0,1.0,2.0,100.0,22.0,28.333333333333332,1.0,1.0,1.6666666666666667,1.6666666666666667
2020-07-06,212,537433209.0,3.0,1.0,2.0,100.0,22.0,28.666666666666668,1.0,1.0,1.3333333333333335,1.3333333333333335
2020-07-07,213,478781299.0,2.0,0.0,1.0,20,22.0,29.0,1.0,1.0,1.0,1.0
2020-07-08,214,469760561.0,2.0,0.0,1.0,30,22.0,29.0,1.0,1.0,2.0,1.0
2020-07-09,215,463524493.0,2.0,0.0,1.0,30,22.0,30.0,1.0,1.0,2.0,1.0
2020-07-10,216,446150859.0,2.0,0.0,1.0,30,23.0,29.0,1.0,1.0,2.0,1.0
2020-07-11,217,506647398.0,3.0,1.0,2.0,100.0,23.0,27.0,1.0,1.0,1.0,2.0
2020-07-12,218,546919533.0,3.0,1.0,2.0,100.0,23.0,27.0,2.0,1.0,1.0,2.0
2020-07-13,219,465984776.0,3.0,1.0,2.0,100.0,23.0,27.0,1.0,1.0,1.0,2.0
2020-07-14,220,529361805.0,3.0,1.0,2.0,100.0,22.333333333333332,27.666666666666668,1.3333333333333333,1.3333333333333333,1.0,1.6666666666666667
2020-07-15,221,476697855.0,3.0,1.0,2.0,100.0,21.666666666666668,28.333333333333332,1.6666666666666665,1.6666666666666665,1.0,1.3333333333333335
2020-07-16,222,480507736.0,0.0,0.0,0.0,0,21.0,29.0,2.0,2.0,1.0,1.0
2020-07-17,223,480057983.0,0.0,0.0,0.0,0,21.0,30.0,2.0,1.0,1.0,1.0
2020-07-18,224,525015375.0,0.0,0.0,0.0,10,22.0,30.0,2.0,1.0,1.0,1.0
2020-07-19,225,588071060.0,3.0,0.0,2.0,40,22.0,28.0,1.0,1.0,2.0,1.0
2020-07-20,226,556202813.0,3.0,1.0,2.0,100.0,23.0,28.0,1.0,1.0,1.0,2.0
2020-07-21,227,506686096.0,3.0,1.0,2.0,100.0,23.0,27.0,1.0,1.0,1.0,1.0
2020-07-22,228,454273249.0,3.0,1.0,2.0,100.0,23.0,28.0,1.0,1.0,1.0,1.0
2020-07-23,229,361154111.0,3.0,1.0,2.0,100.0,22.666666666666668,28.333333333333332,1.0,1.0,1.0,1.0
2020-07-24,230,548848238.0,3.0,1.0,2.0,100.0,22.333333333333332,28.666666666666668,1.0,1.0,1.0,1.0
2020-07-25,231,527337410.0,2.0,1.0,1.0,100.0,22.0,29.0,1.0,1.0,1.0,1.0
2020-07-26,232,606772016.0,2.0,1.0,1.0,100.0,21.0,29.0,1.0,1.0,2.0,1.0
2020-07-27,233,539706213.0,3.0,0.0,2.0,40,22.0,29.0,1.0,1.0,1.0,1.0
2020-07-28,234,499412934.0,3.0,1.0,2.0,100.0,22.0,28.0,1.0,1.0,2.0,1.0
2020-07-29,235,442360938.0,3.0,1.0,2.0,100.0,23.0,29.0,1.0,1.0,1.0,1.0
2020-07-30,236,492962763.0,3.0,1.0,2.0,100.0,23.0,30.0,1.0,1.0,1.0,1.0
2020-07-31,237,470823845.0,3.0,0.0,2.0,40,23.0,29.0,1.0,1.0,1.0,1.0
2020-08-01,238,477452785.0,3.0,0.0,2.0,40,23.0,28.666666666666668,1.0,1.0,1.0,1.0
2020-08-02,239,530325492.0,3.0,0.0,2.0,40,23.0,28.333333333333332,1.0,1.0,1.0,1.0
2020-08-03,240,528416603.0,3.0,1.0,2.0,100.0,23.0,28.0,1.0,1.0,1.0,1.0
2020-08-04,241,529545727.0,3.0,1.0,2.0,100.0,24.0,29.0,1.0,1.0,1.0,1.0
2020-08-05,242,464622405.0,3.0,1.0,2.0,100.0,24.0,29.0,1.0,1.0,1.0,2.0
2020-08-06,243,473731097.0,3.0,1.0,2.0,100.0,24.0,29.0,1.0,1.0,2.0,1.0
2020-08-07,244,464886487.0,3.0,1.0,2.0,100.0,24.0,28.0,1.0,1.0,1.0,2.0
2020-08-08,245,453782799.0,3.0,1.0,2.0,100.0,23.0,29.0,1.0,1.0,1.0,1.0
2020-08-09,246,546533832.0,3.0,1.0,2.0,100.0,24.0,29.0,1.0,1.0,1.0,1.0
2020-08-10,247,520053483.0,3.0,1.0,2.0,100.0,24.0,29.333333333333332,1.0,1.0,1.0,1.0
2020-08-11,248,488372330.0,3.0,1.0,2.0,100.0,24.0,29.666666666666668,1.0,1.0,1.0,1.0
2020-08-12,249,459010616.0,3.0,1.0,2.0,100.0,24.0,30.0,1.0,1.0,1.0,1.0
2020-08-13,250,447337237.0,3.0,1.0,2.0,100.0,25.0,30.0,1.0,1.0,1.0,1.0
2020-08-14,251,447797343.0,3.0,1.0,2.0,100.0,24.0,29.0,1.0,1.0,1.0,1.0
2020-08-15,252,448978016.0,3.0,0.0,2.0,40,24.0,29.0,1.0,1.0,1.0,1.0
2020-08-16,253,513166064.0,3.0,0.0,2.0,40,24.0,30.0,1.0,1.0,1.0,1.0
2020-08-17,254,529077189.0,3.0,0.0,2.0,40,24.0,30.0,1.0,1.0,1.0,1.0
2020-08-18,255,538867688.0,2.0,0.0,1.0,40,24.0,30.0,1.0,1.0,1.0,1.0
2020-08-19,256,475036039.0,2.0,0.0,1.0,40,24.0,30.666666666666668,1.0,1.0,1.0,1.3333333333333333
2020-08-20,257,457768508.0,2.0,0.0,1.0,40,24.0,31.333333333333332,1.0,1.0,1.0,1.6666666666666665
2020-08-21,258,435092047.0,2.0,0.0,1.0,30,24.0,32.0,1.0,1.0,1.0,2.0
2020-08-22,259,440916634.0,3.0,0.0,2.0,40,24.0,32.0,1.0,1.0,1.0,1.0
2020-08-23,260,604098874.0,2.0,0.0,1.0,30,23.0,31.0,1.0,1.0,1.0,1.0
2020-08-24,261,511854492.0,3.0,0.0,2.0,40,24.0,30.0,1.0,1.0,1.0,1.0
2020-08-25,262,458815714.0,3.0,1.0,2.0,100.0,24.0,31.0,1.0,1.0,1.0,1.0
2020-08-26,263,450800231.0,3.0,0.0,2.0,40,24.0,31.0,1.0,1.0,1.0,2.0
2020-08-27,264,408038359.0,3.0,0.0,2.0,40,24.0,32.0,1.0,1.0,2.0,1.0
2020-08-28,265,428150119.0,3.0,0.0,2.0,40,24.333333333333332,32.0,1.0,1.0,1.6666666666666667,1.0
2020-08-29,266,428298403.0,3.0,0.0,2.0,40,24.666666666666668,32.0,1.0,1.0,1.3333333333333335,1.0
2020-08-30,267,567322179.0,2.0,1.0,1.0,100.0,25.0,32.0,1.0,1.0,1.0,1.0
2020-08-31,268,510405851.0,2.0,0.0,1.0,40,24.0,33.0,1.0,1.0,1.0,1.0
2020-09-01,269,456239247.0,2.0,0.0,1.0,40,24.0,31.0,1.0,1.0,1.0,1.0
2020-09-02,270,386041349.0,3.0,1.0,2.0,100.0,24.0,30.0,1.0,1.0,2.0,1.0
2020-09-03,271,462561792.0,3.0,1.0,2.0,100.0,22.0,29.0,1.0,1.0,1.0,2.0
2020-09-04,272,433631589.0,3.0,0.0,2.0,40,22.0,29.0,2.0,2.0,1.0,1.0
2020-09-05,273,451324742.0,3.0,0.0,2.0,40,22.0,29.0,2.0,2.0,1.0,1.0
2020-09-06,274,503561335.0,3.0,0.0,2.0,40,21.666666666666668,27.666666666666668,1.6666666666666667,1.6666666666666667,1.3333333333333333,1.0
2020-09-07,275,400220056.0,3.0,0.0,2.0,40,21.333333333333332,26.333333333333332,1.3333333333333335,1.3333333333333335,1.6666666666666665,1.0
2020-09-08,276,506077117.0,3.0,1.0,2.0,100.0,21.0,25.0,1.0,1.0,2.0,1.0
2020-09-09,277,412460829.0,2.0,0.0,1.0,40,20.0,26.0,1.0,1.0,1.0,1.0
2020-09-10,278,427021945.0,2.0,1.0,1.0,100.0,20.0,27.0,1.0,1.0,1.0,1.0
2020-09-11,279,391678834.0,0.0,0.0,0.0,20,20.0,27.0,1.0,1.0,1.0,1.0
2020-09-12,280,414769053.0,0.0,0.0,0.0,20,20.0,27.0,2.0,2.0,1.0,1.0
2020-09-13,281,529067089.0,2.0,0.0,1.0,20,20.0,27.0,2.0,2.0,1.0,1.0
2020-09-14,282,470365183.0,2.0,0.0,1.0,30,19.0,27.0,2.0,2.0,1.0,1.0
2020-09-15,283,424575973.0,2.0,0.0,1.0,30,19.0,26.333333333333332,1.6666666666666667,1.6666666666666667,1.0,1.0
2020-09-16,284,401341992.0,2.0,0.0,1.0,30,19.0,25.666666666666668,1.3333333333333335,1.3333333333333335,1.0,1.0
2020-09-17,285,410350828.0,3.0,1.0,2.0,100.0,19.0,25.0,1.0,1.0,1.0,1.0
2020-09-18,286,397986848.0,0.0,0.0,0.0,0,17.0,25.0,1.0,1.0,1.0,1.0
2020-09-19,287,430394459.0,0.0,0.0,0.0,10,17.0,25.0,1.0,2.0,1.0,1.0
2020-09-20,288,512453074.0,0.0,0.0,0.0,10,16.0,25.0,2.0,1.0,1.0,1.0
2020-09-21,289,461763042.0,0.0,0.0,0.0,0,16.0,25.0,2.0,2.0,2.0,1.0
2020-09-22,290,421128947.0,2.0,0.0,1.0,30,15.0,25.0,2.0,2.0,1.0,2.0
2020-09-23,291,408628152.0,2.0,0.0,1.0,30,15.0,25.0,1.0,2.0,1.0,2.0
2020-09-24,292,411693998.0,2.0,0.0,1.0,30,15.333333333333334,25.0,1.0,1.6666666666666667,1.0,1.3333333333333335
2020-09-25,293,410105734.0,2.0,0.0,1.0,30,15.666666666666666,25.0,1.0,1.3333333333333335,1.0,0.6666666666666667
2020-09-26,294,457879036.0,2.0,0.0,1.0,20,16.0,25.0,1.0,1.0,1.0,0.0
2020-09-27,295,552806954.0,0.0,0.0,0.0,0,15.0,25.0,2.0,1.0,1.0,1.0
2020-09-28,296,511124477.0,0.0,0.0,0.0,0,15.0,24.0,1.0,1.0,1.0,1.0
2020-09-29,297,541350150.0,2.0,0.0,1.0,30,16.0,24.0,1.0,1.0,1.0,1.0
2020-09-30,298,579475777.0,2.0,0.0,1.0,30,15.0,23.0,1.0,1.0,1.0,1.0
2020-10-01,299,462390755.0,2.0,0.0,1.0,20,14.0,22.0,2.0,1.0,2.0,1.0
2020-10-02,300,481747532.0,0.0,0.0,0.0,20,13.0,21.0,3.0,3.0,2.0,2.0
2020-10-03,301,427545660.0,0.0,0.0,0.0,20,12.0,20.0,2.3333333333333335,2.3333333333333335,1.6666666666666667,1.6666666666666667
2020-10-04,302,533244540.0,0.0,0.0,0.0,20,11.0,19.0,1.6666666666666667,1.6666666666666667,1.3333333333333335,1.3333333333333335
2020-10-05,303,503726825.0,0.0,0.0,0.0,0,10.0,18.0,1.0,1.0,1.0,1.0
2020-10-06,304,433548889.0,0.0,0.0,0.0,0,9.0,19.0,1.0,1.0,1.0,1.0
2020-10-07,305,414382725.0,2.0,0.0,1.0,30,10.0,21.0,2.0,2.0,1.0,2.0
2020-10-08,306,406820496.0,0.0,0.0,0.0,0,11.0,22.0,1.0,1.0,1.0,1.0
2020-10-09,307,405157779.0,2.0,0.0,1.0,20,11.0,22.0,1.0,1.0,1.0,1.0
2020-10-10,308,470945972.0,0.0,0.0,0.0,20,13.0,23.0,2.0,2.0,2.0,2.0
2020-10-11,309,530031641.0,2.0,0.0,1.0,30,13.0,23.0,2.0,2.0,2.0,2.0
2020-10-12,310,476223773.0,2.0,0.0,1.0,30,12.0,21.333333333333332,1.6666666666666667,1.6666666666666667,2.0,1.6666666666666667
2020-10-13,311,421104361.0,2.0,0.0,1.0,30,11.0,19.666666666666668,1.3333333333333335,1.3333333333333335,2.0,1.3333333333333335
2020-10-14,312,396359276.0,2.0,0.0,1.0,30,10.0,18.0,1.0,1.0,2.0,1.0
2020-10-15,313,402126664.0,2.0,0.0,1.0,30,9.0,19.0,3.0,3.0,2.0,2.0
2020-10-16,314,389773020.0,2.0,0.0,1.0,30,10.0,19.0,2.0,2.0,1.0,1.0
2020-10-17,315,428025415.0,0.0,0.0,0.0,10,9.0,19.0,1.0,2.0,1.0,1.0
2020-10-18,316,523708967.0,0.0,0.0,0.0,0,10.0,20.0,2.0,2.0,1.0,1.0
2020-10-19,317,474503766.0,0.0,0.0,0.0,10,10.0,20.0,2.0,1.0,1.0,1.0
2020-10-20,318,422982903.0,0.0,0.0,0.0,10,10.0,20.0,2.0,2.0,2.0,2.0
2020-10-21,319,401945448.0,0.0,0.0,0.0,10,8.333333333333334,18.0,1.6666666666666667,1.6666666666666667,1.3333333333333335,1.6666666666666667
2020-10-22,320,402667154.0,0.0,0.0,0.0,10,6.666666666666666,16.0,1.3333333333333335,1.3333333333333335,0.6666666666666667,1.3333333333333335
2020-10-23,321,385554582.0,0.0,0.0,0.0,0,5.0,14.0,1.0,1.0,0.0,1.0
2020-10-24,322,415167627.0,0.0,0.0,0.0,0,4.0,15.0,0.0,0.0,1.0,1.0
2020-10-25,323,522572321.0,2.0,0.0,1.0,20,7.0,18.0,1.0,1.0,1.0,1.0
2020-10-26,324,485221260.0,0.0,0.0,0.0,0,9.0,19.0,1.0,2.0,1.0,0.0
2020-10-27,325,424267655.0,2.0,0.0,1.0,20,9.0,19.0,1.0,1.0,1.0,1.0
2020-10-28,326,409625170.0,0.0,0.0,0.0,10,10.0,18.0,2.0,1.0,1.0,2.0
2020-10-29,327,408270136.0,0.0,0.0,0.0,10,9.0,17.0,2.0,2.0,2.0,2.0
2020-10-30,328,399117046.0,0.0,0.0,0.0,10,9.333333333333334,16.333333333333332,1.3333333333333335,1.6666666666666667,1.6666666666666667,1.6666666666666667
2020-10-31,329,430165283.0,0.0,0.0,0.0,10,9.666666666666666,15.666666666666666,0.6666666666666667,1.3333333333333335,1.3333333333333335,1.3333333333333335
2020-11-01,330,432425885.08,3.0,1.0,2.0,100.0,10.0,15.0,0.0,1.0,1.0,1.0
2020-11-02,331,434686487.16,2.0,0.0,1.0,40,7.0,14.0,2.0,2.0,1.0,1.0
2020-11-03,332,436947089.24,0.0,0.0,0.0,20,2.0,11.0,1.0,1.0,1.0,1.0
2020-11-04,333,439207691.32,0.0,0.0,0.0,0,1.0,13.0,0.0,1.0,2.0,1.0
2020-11-05,334,441468293.4,0.0,0.0,0.0,10,4.0,15.0,1.0,3.0,2.0,2.0
2020-11-06,335,443728895.48,3.0,0.0,2.0,40,6.0,15.0,2.0,1.0,2.0,2.0
2020-11-07,336,445989497.56,0.0,0.0,0.0,20,7.0,16.0,2.0,1.0,2.0,1.0
2020-11-10,337,448250099.64,0.0,0.0,0.0,0,2.0,12.0,1.0,1.0,1.0,1.0
2020-11-11,338,450510701.72,0.0,0.0,0.0,0,3.0,15.0,1.0,3.0,1.0,1.0
2020-11-12,339,452771303.8,0.0,0.0,0.0,0,6.0,15.0,3.0,2.0,1.0,1.0
2020-11-13,340,455031905.88,2.0,0.0,1.0,20,7.0,15.0,2.0,1.0,1.0,1.0
2020-11-14,341,457292507.96,0.0,0.0,0.0,0,7.0,15.0,2.0,2.0,1.0,1.0
2020-11-15,342,459553110.04,0.0,0.0,0.0,0,6.0,14.0,1.0,1.0,1.0,2.0
2020-11-16,343,461813712.12,0.0,0.0,0.0,10,6.0,14.0,1.0,2.0,2.0,2.0
2020-11-19,344,464074314.2,3.0,1.0,2.0,100.0,15.0,17.0,2.0,2.0,0.0,1.0
2020-11-20,345,466334916.28,2.0,0.0,1.0,30,8.0,10.0,2.0,2.0,2.0,2.0
2020-11-21,346,468595518.36,0.0,0.0,0.0,0,3.0,12.0,2.0,3.0,2.0,2.0
2020-11-22,347,470856120.44,2.0,0.0,1.0,30,4.0,11.0,3.0,3.0,3.0,2.0
2020-11-23,348,473116722.52,2.0,0.0,1.0,30,1.0,10.0,2.0,3.0,3.0,2.0
2020-11-24,349,475377324.6,0.0,0.0,0.0,20,2.0,9.0,3.0,2.0,2.0,2.0
2020-11-25,350,477637926.68,0.0,0.0,0.0,10,2.0,8.0,2.0,3.0,2.0,2.0
2020-11-28,351,479898528.76,0.0,0.0,0.0,0,-4.0,3.0,0.0,0.0,1.0,0.0
2020-11-29,352,482159130.84000003,0.0,0.0,0.0,0,-3.0,4.0,1.0,1.0,1.0,1.0
2020-11-30,353,484419732.92,0.0,0.0,0.0,0,-3.0,5.0,0.0,1.0,0.0,1.0
2020-12-01,354,486680335.0,2.0,0.0,1.0,20,-3.0,5.0,1.0,1.0,1.0,1.0
2020-12-02,355,474650382.0,2.0,0.0,1.0,20,-1.0,6.0,2.0,1.0,2.0,1.0
2020-12-03,356,460059722.0,2.0,0.0,1.0,20,-2.0,5.0,1.0,1.0,1.0,1.0
2020-12-04,357,460269196.0,0.0,0.0,0.0,10,-3.0,4.0,1.0,1.0,1.0,1.0
2020-12-05,358,505383706.0,0.0,0.0,0.0,10,-1.6666666666666667,5.0,1.3333333333333333,1.0,1.0,1.0
2020-12-06,359,620383064.0,0.0,0.0,0.0,10,-0.3333333333333335,6.0,1.6666666666666665,1.0,1.0,1.0
2020-12-07,360,516051277.0,2.0,0.0,1.0,20,1.0,7.0,2.0,1.0,1.0,1.0
2020-12-08,361,466046160.0,0.0,0.0,0.0,0,-3.0,4.0,3.0,2.0,2.0,2.0
2020-12-09,362,466546095.0,2.0,0.0,1.0,20,-3.0,5.0,1.0,2.0,2.0,2.0
2020-12-10,363,463204801.0,3.0,0.0,2.0,40,0.0,6.0,1.0,4.0,2.0,2.0
2020-12-11,364,448217490.0,0.0,0.0,0.0,20,-2.0,5.0,2.0,2.0,2.0,2.0
2020-12-12,365,499110336.0,0.0,0.0,0.0,20,-2.0,5.0,2.0,2.0,2.0,2.0
2020-12-13,366,564601227.0,0.0,0.0,0.0,20,-1.0,5.0,2.0,2.0,4.0,3.0
2020-12-14,367,487529606.0,0.0,0.0,0.0,20,-4.0,2.6666666666666665,1.6666666666666667,1.6666666666666667,3.0,2.3333333333333335
2020-12-15,368,433818482.0,0.0,0.0,0.0,20,-7.0,0.33333333333333304,1.3333333333333335,1.3333333333333335,2.0,1.6666666666666667
2020-12-16,369,427691523.0,2.0,0.0,1.0,20,-10.0,-2.0,1.0,1.0,1.0,1.0
2020-12-17,370,441313465.0,2.0,0.0,1.0,20,-7.0,3.0,1.0,1.0,1.0,1.0
2020-12-18,371,425147490.0,2.0,0.0,1.0,20,-4.0,4.0,2.0,1.0,1.0,2.0
2020-12-19,372,445972141.0,2.0,0.0,1.0,20,-3.0,2.0,2.0,3.0,2.0,2.0
2020-12-20,373,559336274.0,0.0,0.0,0.0,0,-6.0,2.0,1.0,5.0,1.0,1.0
2020-12-21,374,494722444.0,0.0,0.0,0.0,20,-5.0,3.0,2.0,2.0,2.0,2.0
2020-12-22,375,443898435.0,0.0,0.0,0.0,10,-4.0,3.0,3.0,2.0,4.0,2.0
2020-12-23,376,437291681.0,0.0,0.0,0.0,10,-4.333333333333333,3.0,2.0,1.3333333333333335,3.0,1.6666666666666667
2020-12-24,377,444825486.0,0.0,0.0,0.0,10,-4.666666666666667,3.0,1.0,0.6666666666666667,2.0,1.3333333333333335
2020-12-25,378,438462362.0,0.0,0.0,0.0,0,-5.0,3.0,0.0,0.0,1.0,1.0
2020-12-26,379,513189510.0,0.0,0.0,0.0,0,-3.0,6.0,1.0,1.0,2.0,1.0
2020-12-27,380,570187891.0,3.0,2.0,2.0,100.0,1.0,5.0,1.0,1.0,1.0,1.0
2020-12-28,381,514003860.0,0.0,0.0,0.0,10,-4.0,1.0,2.0,2.0,2.0,2.0
2020-12-29,382,447506723.0,0.0,0.0,0.0,0,-8.0,-4.0,2.0,1.0,2.0,3.0
2020-12-30,383,388704500.0,0.0,0.0,0.0,0,-12.0,-5.0,1.0,2.0,1.0,1.0
2020-12-31,384,475842133.0,0.0,0.0,0.0,0,-13.0,-5.0,1.0,1.0,1.0,1.0
2021-01-01,385,422074331.0,0.0,0.0,0.0,0,-11.666666666666666,-3.666666666666667,1.0,1.0,1.0,1.3333333333333333
2021-01-02,386,493889118.0,0.0,0.0,0.0,0,-10.333333333333334,-2.3333333333333335,1.0,1.0,1.0,1.6666666666666665
2021-01-03,387,549559860.0,0.0,0.0,0.0,0,-9.0,-1.0,1.0,1.0,1.0,2.0
2021-01-04,388,487897716.0,0.0,0.0,0.0,10,-7.0,1.0,1.0,1.0,2.0,2.0
2021-01-05,389,418365430.0,2.0,0.0,1.0,20,-6.0,-1.0,1.0,2.0,1.0,1.0
2021-01-06,390,410934630.0,0.0,0.0,0.0,0,-10.0,-3.0,1.0,1.0,1.0,1.0
2021-01-07,391,331486081.0,0.0,0.0,0.0,20,-11.0,-4.0,2.0,3.0,2.0,3.0
2021-01-08,392,350371982.0,0.0,0.0,0.0,10,-12.0,-5.0,2.0,2.0,1.0,2.0
2021-01-09,393,409829368.0,0.0,0.0,0.0,10,-11.0,-3.0,2.0,3.0,1.0,2.0
2021-01-10,394,539686469.0,0.0,0.0,0.0,10,-10.0,-1.6666666666666667,1.6666666666666667,2.3333333333333335,1.0,1.6666666666666667
2021-01-11,395,462702939.0,0.0,0.0,0.0,10,-9.0,-0.3333333333333335,1.3333333333333335,1.6666666666666667,1.0,1.3333333333333335
2021-01-12,396,403521528.0,0.0,0.0,0.0,10,-8.0,1.0,1.0,1.0,1.0,1.0
2021-01-13,397,435017518.0,2.0,0.0,1.0,40,-3.0,6.0,1.0,1.0,3.0,1.0
2021-01-14,398,402737689.0,0.0,0.0,0.0,0,-2.0,6.0,2.0,4.0,2.0,1.0
2021-01-15,399,411140050.0,2.0,0.0,1.0,30,-2.0,5.0,3.0,4.0,3.0,2.0
2021-01-16,400,420801349.0,3.0,2.0,2.0,100.0,-1.0,2.0,3.0,1.0,2.0,2.0
2021-01-17,401,537313166.0,0.0,0.0,0.0,10,-7.0,-1.0,1.0,2.0,2.0,2.0
2021-01-18,402,438814730.0,0.0,0.0,0.0,10,-8.0,1.0,1.0,2.0,2.0,2.0
2021-01-19,403,403995119.0,0.0,0.0,0.0,10,-5.0,2.333333333333333,1.0,1.6666666666666667,1.6666666666666667,2.0
2021-01-20,404,411242370.0,0.0,0.0,0.0,10,-2.0,3.6666666666666665,1.0,1.3333333333333335,1.3333333333333335,2.0
2021-01-21,405,369165370.0,3.0,0.0,2.0,40,1.0,5.0,1.0,1.0,1.0,2.0
2021-01-22,406,426398394.0,3.0,0.0,2.0,40,1.0,6.0,1.0,1.0,1.0,1.0
2021-01-23,407,442364640.0,2.0,0.0,1.0,30,0.0,8.0,1.0,1.0,1.0,1.0
2021-01-24,408,546397258.0,3.0,2.0,2.0,100.0,1.0,6.0,1.0,1.0,1.0,1.0
2021-01-25,409,489566243.0,0.0,0.0,0.0,0,-2.0,7.0,3.0,2.0,2.0,1.0
2021-01-26,410,401912145.0,3.0,0.0,2.0,40,-1.0,5.0,1.0,2.0,1.0,1.0
2021-01-27,411,430796939.0,2.0,0.0,1.0,30,-2.0,5.0,2.0,2.0,2.0,2.0
2021-01-28,412,373788830.0,2.0,0.0,1.0,30,-3.666666666666667,5.0,2.0,2.0,1.6666666666666667,1.6666666666666667
2021-01-29,413,366602525.0,2.0,0.0,1.0,30,-5.333333333333334,5.0,2.0,2.0,1.3333333333333335,1.3333333333333335
2021-01-30,414,427098565.0,0.0,0.0,0.0,20,-7.0,5.0,2.0,2.0,1.0,1.0
2021-01-31,415,545671098.0,2.0,0.0,1.0,20,-3.0,7.0,3.0,3.0,2.0,2.0
2021-02-01,416,446423291.0,2.0,0.0,1.0,20,0.0,7.0,3.0,2.0,2.0,2.0
2021-02-02,417,396350589.0,0.0,0.0,0.0,10,-6.0,1.0,2.0,4.0,3.0,3.0
2021-02-03,418,411345651.0,0.0,0.0,0.0,10,-7.0,1.0,1.0,3.0,2.0,3.0
2021-02-04,419,384880200.0,0.0,0.0,0.0,20,-6.0,-1.0,2.0,3.0,2.0,5.0
2021-02-05,420,412746152.0,0.0,0.0,0.0,10,-8.0,0.0,3.0,4.0,1.0,3.0
2021-02-06,421,444223795.0,0.0,0.0,0.0,10,-7.333333333333333,0.6666666666666666,2.3333333333333335,2.666666666666667,1.0,2.3333333333333335
2021-02-07,422,561314091.0,0.0,0.0,0.0,10,-6.666666666666667,1.3333333333333333,1.6666666666666667,1.3333333333333335,1.0,1.6666666666666667
2021-02-08,423,483989431.0,0.0,0.0,0.0,0,-6.0,2.0,1.0,0.0,1.0,1.0
2021-02-09,424,467726440.0,0.0,0.0,0.0,0,-3.0,6.0,1.0,1.0,1.0,1.0
2021-02-10,425,550745526.0,2.0,0.0,1.0,30,0.0,7.0,1.0,1.0,1.0,1.0
2021-02-11,426,610323869.0,0.0,0.0,0.0,10,0.0,7.0,3.0,1.0,1.0,1.0
2021-02-12,427,415789047.0,2.0,0.0,1.0,20,-1.0,8.0,2.0,2.0,2.0,1.0
2021-02-13,428,437097278.0,2.0,0.0,1.0,30,0.0,7.0,2.0,2.0,2.0,2.0
2021-02-14,429,543628032.0,0.0,0.0,0.0,20,-2.0,5.0,3.0,2.0,3.0,2.0
2021-02-15,430,525752778.0,0.0,0.0,0.0,20,-4.666666666666666,1.6666666666666665,2.0,1.6666666666666667,2.3333333333333335,1.6666666666666667
2021-02-16,431,394832010.0,0.0,0.0,0.0,20,-7.333333333333333,-1.666666666666667,1.0,1.3333333333333335,1.6666666666666667,1.3333333333333335
2021-02-17,432,375894761.0,0.0,0.0,0.0,0,-10.0,-5.0,0.0,1.0,1.0,1.0
2021-02-18,433,412007324.0,0.0,0.0,0.0,0,-8.0,1.0,1.0,1.0,1.0,1.0
2021-02-19,434,410437960.0,0.0,0.0,0.0,0,-4.0,8.0,2.0,2.0,2.0,1.0
2021-02-20,435,443541657.0,0.0,0.0,0.0,0,2.0,13.0,2.0,1.0,1.0,1.0
2021-02-21,436,564993916.0,0.0,0.0,0.0,20,4.0,12.0,3.0,2.0,2.0,1.0
2021-02-22,437,484598407.0,2.0,0.0,1.0,30,3.0,10.0,4.0,1.0,3.0,2.0
2021-02-23,438,387990462.0,2.0,0.0,1.0,30,1.0,9.0,3.0,4.0,2.0,2.0
2021-02-24,439,415795628.0,2.0,0.0,1.0,30,1.3333333333333333,10.333333333333334,2.6666666666666665,3.0,1.6666666666666667,2.0
2021-02-25,440,402865903.0,2.0,0.0,1.0,30,1.6666666666666665,11.666666666666666,2.3333333333333335,2.0,1.3333333333333335,2.0
2021-02-26,441,399123793.0,2.0,0.0,1.0,30,2.0,13.0,2.0,1.0,1.0,2.0
2021-02-27,442,385001856.0,0.0,0.0,0.0,10,2.0,14.0,1.0,2.0,1.0,1.0
2021-02-28,443,454828449.0,0.0,0.0,0.0,20,2.0,14.0,2.0,2.0,1.0,1.0
2021-03-01,444,386269957.0,3.0,1.0,2.0,100.0,5.0,10.0,1.0,2.0,2.0,2.0
2021-03-02,445,557207109.0,0.0,0.0,0.0,20,-1.0,6.0,4.0,3.0,2.0,1.0
2021-03-03,446,422164050.0,0.0,0.0,0.0,0,-2.0,6.0,2.0,2.0,2.0,1.0
2021-03-04,447,402406499.0,2.0,0.0,1.0,30,-1.0,9.0,2.0,1.0,1.0,1.0
2021-03-05,448,387295230.0,2.0,0.0,1.0,30,-0.33333333333333337,9.0,1.6666666666666667,1.3333333333333333,1.0,1.0
2021-03-06,449,403859346.0,2.0,0.0,1.0,30,0.33333333333333326,9.0,1.3333333333333335,1.6666666666666665,1.0,1.0
2021-03-07,450,538053623.0,2.0,0.0,1.0,30,1.0,9.0,1.0,2.0,1.0,1.0
2021-03-08,451,472236913.0,0.0,0.0,0.0,0,0.0,12.0,1.0,1.0,1.0,1.0
2021-03-09,452,407508651.0,2.0,0.0,1.0,30,3.0,12.0,3.0,2.0,1.0,1.0
2021-03-10,453,400220689.0,0.0,0.0,0.0,0,3.0,14.0,2.0,3.0,1.0,1.0
2021-03-11,454,394675399.0,2.0,0.0,1.0,30,4.0,13.0,2.0,2.0,1.0,1.0
2021-03-12,455,381472989.0,3.0,0.0,2.0,40,4.0,13.0,1.0,1.0,1.0,1.0
2021-03-13,456,416770627.0,0.0,0.0,0.0,10,3.0,13.0,2.0,2.0,1.0,1.0
2021-03-14,457,527194948.0,0.0,0.0,0.0,10,3.6666666666666665,13.333333333333334,1.6666666666666667,1.6666666666666667,1.0,1.0
2021-03-15,458,469908775.0,0.0,0.0,0.0,10,4.333333333333333,13.666666666666666,1.3333333333333335,1.3333333333333335,1.0,1.0
2021-03-16,459,409044824.0,2.0,1.0,1.0,100.0,5.0,14.0,1.0,1.0,1.0,1.0
2021-03-17,460,401697899.0,0.0,0.0,0.0,0,3.0,15.0,1.0,4.0,2.0,2.0
2021-03-18,461,392490039.0,3.0,0.0,2.0,40,6.0,16.0,3.0,2.0,2.0,1.0
2021-03-19,462,398425683.0,2.0,0.0,1.0,20,6.0,16.0,2.0,2.0,1.0,2.0
2021-03-20,463,357244767.0,3.0,0.0,2.0,40,5.0,12.0,2.0,2.0,1.0,1.0
2021-03-21,464,529496549.0,2.0,0.0,1.0,40,3.0,12.0,1.0,1.0,2.0,2.0
2021-03-22,465,482471042.0,0.0,0.0,0.0,10,3.0,12.0,1.0,2.0,2.0,1.0
2021-03-23,466,412434229.0,0.0,0.0,0.0,10,4.333333333333333,13.666666666666666,1.0,2.0,1.6666666666666667,1.0
2021-03-24,467,395630101.0,0.0,0.0,0.0,10,5.666666666666666,15.333333333333334,1.0,2.0,1.3333333333333335,1.0
2021-03-25,468,393613735.0,2.0,0.0,1.0,40,7.0,17.0,1.0,2.0,1.0,1.0
2021-03-26,469,382421407.0,2.0,0.0,1.0,30,7.0,17.0,1.0,1.0,1.0,1.0
2021-03-27,470,341972626.0,3.0,0.0,2.0,40,9.0,15.0,1.0,1.0,2.0,1.0
2021-03-28,471,489243899.0,3.0,1.0,2.0,100.0,10.0,16.0,1.0,2.0,1.0,3.0
2021-03-29,472,481931893.0,0.0,0.0,0.0,20,7.0,17.0,1.0,2.0,1.0,2.0
2021-03-30,473,415814594.0,2.0,0.0,1.0,30,7.0,18.0,1.0,1.0,1.0,2.0
2021-03-31,474,396140904.0,2.0,0.0,1.0,30,9.0,19.0,2.0,1.0,1.0,3.0
2021-04-03,475,395634558.5652174,3.0,1.0,2.0,100.0,13.0,18.0,1.0,1.0,1.0,3.0
2021-04-04,476,395128213.1304348,3.0,1.0,2.0,100.0,9.0,14.0,1.0,1.0,1.0,2.0
2021-04-05,477,394621867.6956522,0.0,0.0,0.0,10,5.0,17.0,2.0,1.0,1.0,2.0
2021-04-06,478,394115522.26086956,3.0,0.0,2.0,40,8.0,15.0,1.0,1.0,1.0,1.0
2021-04-07,479,393609176.82608694,0.0,0.0,0.0,0,6.0,16.0,1.0,1.0,1.0,1.0
2021-04-08,480,393102831.3913044,0.0,0.0,0.0,0,7.0,16.0,2.0,2.0,3.0,1.0
2021-04-09,481,392596485.95652175,0.0,0.0,0.0,10,7.0,17.0,3.0,2.0,3.0,2.0
2021-04-12,482,392090140.5217391,2.0,0.0,1.0,30,10.0,18.0,1.0,1.0,2.0,1.0
2021-04-13,483,391583795.0869565,3.0,1.0,2.0,100.0,12.0,18.0,2.0,1.0,2.0,1.0
2021-04-14,484,391077449.65217394,0.0,0.0,0.0,0,6.0,17.0,2.0,2.0,2.0,2.0
2021-04-15,485,390571104.2173913,0.0,0.0,0.0,0,7.0,18.0,2.0,2.0,2.0,2.0
2021-04-16,486,390064758.7826087,2.0,0.0,1.0,40,8.0,17.0,2.0,2.0,2.0,2.0
2021-04-17,487,389558413.34782606,0.0,0.0,0.0,20,8.0,19.0,2.0,2.0,2.0,2.0
2021-04-18,488,389052067.9130435,0.0,0.0,0.0,10,10.0,19.0,2.0,2.0,2.0,2.0
2021-04-21,489,388545722.4782609,2.0,0.0,1.0,30,11.0,25.0,3.0,2.0,1.0,1.0
2021-04-22,490,388039377.04347825,2.0,0.0,1.0,30,13.0,25.0,1.0,2.0,2.0,1.0
2021-04-23,491,387533031.6086956,2.0,0.0,1.0,30,13.0,22.0,1.0,2.0,3.0,4.0
2021-04-24,492,387026686.17391306,2.0,0.0,1.0,30,11.0,23.0,3.0,2.0,2.0,2.0
2021-04-25,493,386520340.73913044,0.0,0.0,0.0,10,12.0,22.0,3.0,3.0,2.0,1.0
2021-04-26,494,386013995.3043478,2.0,0.0,1.0,30,11.0,21.0,1.0,2.0,2.0,2.0
2021-04-27,495,385507649.8695652,2.0,0.0,1.0,30,10.0,20.0,1.0,2.0,2.0,2.0
2021-04-30,496,385001304.4347826,3.0,1.0,2.0,100.0,11.0,18.0,1.0,1.0,2.0,2.0
2021-05-01,497,384494959.0,2.0,1.0,1.0,100.0,9.0,17.0,1.0,1.0,1.0,1.0
2021-05-02,498,547449873.0,0.0,0.0,0.0,10,9.0,20.0,1.0,1.0,1.0,1.0
2021-05-03,499,494937017.0,2.0,0.0,1.0,30,11.0,22.0,2.0,1.0,1.0,1.0
2021-05-04,500,352153326.0,3.0,1.0,2.0,100.0,14.0,22.0,2.0,1.0,2.0,2.0
2021-05-05,501,494823769.0,3.0,0.0,2.0,40,13.0,21.0,2.0,2.0,2.0,3.0
2021-05-06,502,464455959.0,0.0,0.0,0.0,20,12.0,21.0,1.0,1.0,1.0,1.0
2021-05-07,503,390750613.0,0.0,0.0,0.0,20,11.666666666666666,20.666666666666668,1.0,1.0,1.0,1.0
2021-05-08,504,453243464.0,0.0,0.0,0.0,20,11.333333333333334,20.333333333333332,1.0,1.0,1.0,1.0
2021-05-09,505,567550334.0,0.0,0.0,0.0,0,11.0,20.0,1.0,1.0,1.0,1.0
2021-05-10,506,478706075.0,2.0,0.0,1.0,30,12.0,21.0,1.0,2.0,1.0,1.0
2021-05-11,507,453169449.0,2.0,0.0,1.0,30,13.0,24.0,2.0,1.0,2.0,1.0
2021-05-12,508,440301626.0,0.0,0.0,0.0,10,15.0,25.0,2.0,2.0,1.0,2.0
2021-05-13,509,446770892.0,0.0,0.0,0.0,10,14.0,26.0,1.0,2.0,1.0,2.0
2021-05-14,510,444267659.0,0.0,0.0,0.0,10,15.0,26.0,1.0,2.0,2.0,1.0
2021-05-15,511,422588137.0,2.0,0.0,1.0,30,16.0,25.0,2.0,1.0,2.0,2.0
2021-05-16,512,509114568.0,2.0,0.0,1.0,30,15.333333333333334,25.0,1.6666666666666667,1.0,1.6666666666666667,1.6666666666666667
2021-05-17,513,603141806.0,2.0,0.0,1.0,30,14.666666666666666,25.0,1.3333333333333335,1.0,1.3333333333333335,1.3333333333333335
2021-05-18,514,470386536.0,2.0,0.0,1.0,30,14.0,25.0,1.0,1.0,1.0,1.0
2021-05-19,515,498387437.0,0.0,0.0,0.0,0,15.0,26.0,1.0,1.0,1.0,1.0
2021-05-20,516,461245235.0,2.0,0.0,1.0,30,17.0,26.0,2.0,1.0,2.0,3.0
2021-05-21,517,435455309.0,3.0,0.0,2.0,40,16.0,24.0,1.0,2.0,1.0,3.0
2021-05-22,518,491607809.0,0.0,0.0,0.0,10,15.0,26.0,1.0,2.0,1.0,1.0
2021-05-23,519,589078023.0,2.0,0.0,1.0,30,17.0,27.0,1.0,2.0,2.0,2.0
2021-05-24,520,521211250.0,2.0,0.0,1.0,30,17.0,26.0,2.0,3.0,2.0,3.0
2021-05-25,521,431732947.0,2.0,0.0,1.0,30,16.333333333333332,24.666666666666668,1.6666666666666667,2.3333333333333335,2.0,2.3333333333333335
2021-05-26,522,453047935.0,2.0,0.0,1.0,30,15.666666666666666,23.333333333333332,1.3333333333333335,1.6666666666666667,2.0,1.6666666666666667
2021-05-27,523,420799907.0,3.0,1.0,2.0,100.0,15.0,22.0,1.0,1.0,2.0,1.0
2021-05-28,524,421553987.0,2.0,0.0,1.0,40,15.0,22.0,1.0,1.0,1.0,2.0
2021-05-29,525,460817861.0,0.0,0.0,0.0,20,14.0,23.0,1.0,1.0,1.0,1.0
2021-05-30,526,562838486.0,0.0,0.0,0.0,10,15.0,25.0,2.0,1.0,1.0,1.0
2021-05-31,527,545210299.0,0.0,0.0,0.0,10,16.0,26.0,3.0,2.0,1.0,1.0
2021-06-01,528,474423348.0,2.0,0.0,1.0,20,16.0,26.0,2.0,1.0,2.0,2.0
2021-06-02,529,479393077.0,2.0,0.0,1.0,30,18.0,26.0,2.0,2.0,1.0,2.0
2021-06-03,530,382715595.0,2.0,0.0,1.0,30,17.0,25.666666666666668,1.6666666666666667,1.6666666666666667,0.6666666666666667,1.6666666666666667
2021-06-04,531,506193040.0,2.0,0.0,1.0,30,16.0,25.333333333333332,1.3333333333333335,1.3333333333333335,0.33333333333333337,1.3333333333333335
2021-06-05,532,498842146.0,0.0,0.0,0.0,0,15.0,25.0,1.0,1.0,0.0,1.0
2021-06-06,533,631117740.0,0.0,0.0,0.0,10,16.0,25.0,1.0,0.0,1.0,0.0
2021-06-07,534,542451419.0,2.0,0.0,1.0,20,17.0,27.0,1.0,0.0,1.0,1.0
2021-06-08,535,492827472.0,2.0,0.0,1.0,20,18.0,29.0,1.0,1.0,1.0,1.0
2021-06-09,536,486150669.0,2.0,0.0,1.0,30,19.0,28.0,1.0,1.0,1.0,2.0
2021-06-10,537,461296965.0,2.0,0.0,1.0,30,19.0,28.0,2.0,1.0,2.0,2.0
2021-06-11,538,483420343.0,2.0,0.0,1.0,30,19.0,28.0,2.0,2.0,1.0,2.0
2021-06-12,539,529935698.0,2.0,0.0,1.0,30,19.666666666666668,29.0,1.3333333333333335,1.3333333333333335,1.0,1.6666666666666667
2021-06-13,540,642853846.0,2.0,0.0,1.0,30,20.333333333333332,30.0,0.6666666666666667,0.6666666666666667,1.0,1.3333333333333335
2021-06-14,541,577475094.0,2.0,0.0,1.0,30,21.0,31.0,0.0,0.0,1.0,1.0
2021-06-15,542,492084235.0,2.0,0.0,1.0,30,20.0,30.0,1.0,1.0,1.0,1.0
2021-06-16,543,495580879.0,2.0,0.0,1.0,30,20.0,30.0,1.0,1.0,1.0,1.0
2021-06-17,544,476133906.0,3.0,1.0,2.0,100.0,21.0,26.0,1.0,1.0,1.0,2.0
2021-06-18,545,452126470.0,3.0,0.0,2.0,40,20.0,27.0,1.0,1.0,3.0,1.0
2021-06-19,546,534647688.0,0.0,0.0,0.0,10,19.0,28.0,1.0,1.0,1.0,2.0
2021-06-20,547,635855805.0,0.0,0.0,0.0,10,19.0,28.0,2.0,2.0,1.0,2.0
2021-06-21,548,576464965.0,0.0,0.0,0.0,10,19.0,27.666666666666668,1.6666666666666667,1.6666666666666667,0.6666666666666667,1.6666666666666667
2021-06-22,549,492243859.0,0.0,0.0,0.0,10,19.0,27.333333333333332,1.3333333333333335,1.3333333333333335,0.33333333333333337,1.3333333333333335
2021-06-23,550,484924080.0,2.0,0.0,1.0,40,19.0,27.0,1.0,1.0,0.0,1.0
2021-06-24,551,484524201.0,2.0,0.0,1.0,30,19.0,28.0,1.0,0.0,1.0,1.0
2021-06-25,552,476593686.0,2.0,0.0,1.0,30,20.0,28.0,1.0,1.0,1.0,1.0
2021-06-26,553,521303568.0,2.0,0.0,1.0,30,21.0,29.0,1.0,1.0,1.0,1.0
2021-06-27,554,612279646.0,2.0,0.0,1.0,30,21.0,29.0,1.0,1.0,1.0,1.0
2021-06-28,555,578095122.0,2.0,0.0,1.0,30,21.0,29.0,1.0,1.0,2.0,1.0
2021-06-29,556,507051923.0,2.0,0.0,1.0,40,21.0,28.0,1.0,1.0,2.0,1.0
2021-06-30,557,500730048.0,2.0,0.0,1.0,40,21.333333333333332,29.0,0.6666666666666667,0.6666666666666667,1.6666666666666667,1.0
2021-07-01,558,500807980.0,2.0,0.0,1.0,40,21.666666666666668,30.0,0.33333333333333337,0.33333333333333337,1.3333333333333335,1.0
2021-07-02,559,487637410.0,2.0,0.0,1.0,20,22.0,31.0,0.0,0.0,1.0,1.0
2021-07-03,560,450255562.0,3.0,0.0,2.0,40,21.0,30.0,1.0,1.0,2.0,1.0
2021-07-04,561,701012330.0,3.0,0.0,2.0,40,21.0,29.0,1.0,1.0,1.0,2.0
2021-07-05,562,585200026.0,3.0,0.0,2.0,40,22.0,29.0,1.0,1.0,1.0,1.0
2021-07-06,563,508091326.0,3.0,0.0,2.0,40,22.0,29.0,1.0,1.0,1.0,2.0
2021-07-07,564,493207975.0,3.0,0.0,2.0,40,22.0,29.0,1.0,1.0,2.0,2.0
2021-07-08,565,515110462.0,3.0,1.0,2.0,100.0,22.0,29.0,1.0,1.0,1.0,1.0
2021-07-09,566,499413555.0,3.0,1.0,2.0,100.0,22.666666666666668,29.666666666666668,1.0,0.6666666666666667,1.0,0.6666666666666667
2021-07-10,567,581148042.0,3.0,1.0,2.0,100.0,23.333333333333332,30.333333333333332,1.0,0.33333333333333337,1.0,0.33333333333333337
2021-07-11,568,699984405.0,3.0,0.0,2.0,40,24.0,31.0,1.0,0.0,1.0,0.0
2021-07-12,569,607317872.0,3.0,0.0,2.0,40,23.0,34.0,1.0,0.0,1.0,1.0
2021-07-13,570,556173837.0,2.0,0.0,1.0,30,25.0,34.0,1.0,1.0,1.0,1.0
2021-07-14,571,552000248.0,2.0,0.0,1.0,30,25.0,33.0,1.0,1.0,1.0,1.0
2021-07-15,572,540290022.0,2.0,0.0,1.0,30,25.0,33.0,1.0,1.0,1.0,1.0
2021-07-16,573,518159536.0,2.0,0.0,1.0,30,24.0,33.0,1.0,1.0,1.0,1.0
2021-07-17,574,590293934.0,2.0,0.0,1.0,30,24.0,32.0,1.0,1.0,1.0,1.0
2021-07-18,575,696883918.0,2.0,0.0,1.0,30,24.333333333333332,32.666666666666664,0.6666666666666667,1.0,1.3333333333333333,1.0
2021-07-19,576,599082665.0,2.0,0.0,1.0,30,24.666666666666668,33.333333333333336,0.33333333333333337,1.0,1.6666666666666665,1.0
2021-07-20,577,551012033.0,3.0,0.0,2.0,40,25.0,34.0,0.0,1.0,2.0,1.0
2021-07-21,578,557014404.0,2.0,0.0,1.0,30,26.0,34.0,1.0,1.0,1.0,1.0
2021-07-22,579,552735146.0,2.0,0.0,1.0,20,25.0,34.0,1.0,1.0,1.0,1.0
2021-07-23,580,526892423.0,0.0,0.0,0.0,10,25.0,34.0,1.0,1.0,1.0,1.0
2021-07-24,581,591415492.0,0.0,0.0,0.0,10,25.0,33.0,1.0,1.0,1.0,1.0
2021-07-25,582,677423410.0,0.0,0.0,0.0,20,24.0,33.0,1.0,1.0,1.0,1.0
2021-07-26,583,581245285.0,2.0,0.0,1.0,30,25.0,33.0,1.0,1.0,1.0,1.0
2021-07-27,584,535055800.0,2.0,0.0,1.0,30,25.0,33.333333333333336,1.0,0.6666666666666667,1.0,1.0
2021-07-28,585,513887930.0,2.0,0.0,1.0,30,25.0,33.666666666666664,1.0,0.33333333333333337,1.0,1.0
2021-07-29,586,512028898.0,0.0,0.0,0.0,10,25.0,34.0,1.0,0.0,1.0,1.0
2021-07-30,587,494759304.0,2.0,0.0,1.0,30,26.0,34.0,0.0,1.0,1.0,1.0
2021-07-31,588,546225447.0,2.0,0.0,1.0,30,26.0,35.0,1.0,1.0,1.0,1.0
