,REG_ID,TM_FC,TM_EF,MOD,STN,C,SKY,PRE,CONF,WF,RN_ST,MIN,MAX,MIN_L,MIN_H,MAX_L,MAX_H,date
0,11B10101,201912010600,201912040000,A01,109,2,WB01,WB00,¾øA½,"""맑음""",10,-3,5,3,3,3,2,2019-12-04
1,11B10101,201912010600,201912050000,A01,109,2,WB01,WB00,¾øA½,"""맑음""",10,-6,2,3,3,3,2,2019-12-05
2,11B10101,201912010600,201912060000,A01,109,2,WB01,WB00,¾øA½,"""맑음""",10,-7,2,3,3,3,2,2019-12-06
3,11B10101,201912010600,201912070000,A01,109,2,WB03,WB00,¾øA½,"""구름많음""",30,-5,4,3,3,3,2,2019-12-07
4,11B10101,201912010600,201912080000,A01,109,2,WB01,WB00,¾øA½,"""맑음""",10,-4,4,3,3,3,2,2019-12-08
5,11B10101,201912010600,201912090000,A01,109,2,WB01,WB00,¾øA½,"""맑음""",20,-3,5,3,3,3,3,2019-12-09
6,11B10101,201912010600,201912100000,A01,109,2,WB01,WB00,¾øA½,"""맑음""",20,-1,6,3,3,3,3,2019-12-10
7,11B10101,201912100600,201912130000,A01,109,2,WB01,WB00,¾øA½,"""맑음""",10,-2,7,2,2,2,2,2019-12-13
8,11B10101,201912100600,201912140000,A01,109,2,WB03,WB11,¾øA½,"""구름많고","비/눈""",1,6,3,2,3,2,2019-12-14
9,11B10101,201912100600,201912150000,A01,109,2,WB01,WB00,¾øA½,"""맑음""",10,-2,6,3,2,2,3,2019-12-15
10,11B10101,201912100600,201912160000,A01,109,2,WB03,WB00,¾øA½,"""구름많음""",30,2,7,3,2,2,2,2019-12-16
11,11B10101,201912100600,201912170000,A01,109,2,WB04,WB09,¾øA½,"""흐리고","비""",4,7,3,3,3,2,2019-12-17
12,11B10101,201912100600,201912180000,A01,109,2,WB01,WB00,¾øA½,"""맑음""",20,1,5,3,3,3,2,2019-12-18
13,11B10101,201912100600,201912190000,A01,109,2,WB01,WB00,¾øA½,"""맑음""",20,-3,3,1,3,2,2,2019-12-19
14,11B10101,201912190600,201912220000,A01,109,2,WB03,WB00,¾øA½,"""구름많음""",30,-1,7,2,2,2,2,2019-12-22
15,11B10101,201912190600,201912230000,A01,109,2,WB03,WB11,¾øA½,"""구름많고","비/눈""",0,6,2,2,2,2,2019-12-23
16,11B10101,201912190600,201912240000,A01,109,2,WB01,WB00,¾øA½,"""맑음""",10,-1,7,2,2,2,2,2019-12-24
17,11B10101,201912190600,201912250000,A01,109,2,WB03,WB00,¾øA½,"""구름많음""",30,1,7,3,3,3,3,2019-12-25
18,11B10101,201912190600,201912260000,A01,109,2,WB03,WB00,¾øA½,"""구름많음""",30,0,5,3,3,3,3,2019-12-26
19,11B10101,201912190600,201912270000,A01,109,2,WB01,WB00,¾øA½,"""맑음""",20,-3,4,2,5,3,2,2019-12-27
20,11B10101,201912190600,201912280000,A01,109,2,WB01,WB00,¾øA½,"""맑음""",20,-3,4,3,3,3,3,2019-12-28
21,11B10101,201912280600,201912310000,A01,109,2,WB01,WB00,¾øA½,"""맑음""",0,-10,-2,1,3,1,2,2019-12-31
22,11B10101,201912280600,202001010000,A01,109,2,WB03,WB00,¾øA½,"""구름많음""",30,-7,1,1,2,1,2,2020-01-01
23,11B10101,201912280600,202001020000,A01,109,2,WB03,WB00,¾øA½,"""구름많음""",30,-3,5,2,2,2,2,2020-01-02
24,11B10101,201912280600,202001030000,A01,109,2,WB01,WB00,¾øA½,"""맑음""",0,-4,4,2,4,2,2,2020-01-03
25,11B10101,201912280600,202001040000,A01,109,2,WB01,WB00,¾øA½,"""맑음""",0,-4,3,3,3,3,1,2020-01-04
26,11B10101,201912280600,202001050000,A01,109,2,WB01,WB00,¾øA½,"""맑음""",10,-5,4,2,3,1,2,2020-01-05
27,11B10101,201912280600,202001060000,A01,109,2,WB03,WB00,¾øA½,"""구름많음""",30,-4,4,2,3,2,2,2020-01-06
28,11B10101,202001060600,202001090000,A01,109,2,WB01,WB00,¾øA½,"""맑음""",0,-4,3,1,1,1,1,2020-01-09
29,11B10101,202001060600,202001100000,A01,109,2,WB04,WB00,¾øA½,"""흐림""",30,-4,4,2,1,1,1,2020-01-10
30,11B10101,202001060600,202001110000,A01,109,2,WB03,WB00,¾øA½,"""구름많음""",20,-2,5,1,1,1,1,2020-01-11
31,11B10101,202001060600,202001120000,A01,109,2,WB04,WB00,¾øA½,"""흐림""",30,-2,3,1,2,1,1,2020-01-12
32,11B10101,202001060600,202001130000,A01,109,2,WB01,WB00,¾øA½,"""맑음""",10,-4,3,1,1,1,2,2020-01-13
33,11B10101,202001060600,202001140000,A01,109,2,WB01,WB00,¾øA½,"""맑음""",20,-4,3,2,2,1,1,2020-01-14
34,11B10101,202001060600,202001150000,A01,109,2,WB01,WB00,¾øA½,"""맑음""",10,-5,3,3,2,1,2,2020-01-15
35,11B10101,202001150600,202001180000,A01,109,2,WB01,WB00,¾øA½,"""맑음""",0,-4,5,2,1,1,1,2020-01-18
36,11B10101,202001150600,202001190000,A01,109,2,WB04,WB00,¾øA½,"""흐림""",30,-2,4,2,1,1,2,2020-01-19
37,11B10101,202001150600,202001200000,A01,109,2,WB01,WB00,¾øA½,"""맑음""",10,-2,4,2,2,1,2,2020-01-20
38,11B10101,202001150600,202001210000,A01,109,2,WB03,WB00,¾øA½,"""구름많음""",20,-3,4,2,2,1,2,2020-01-21
39,11B10101,202001150600,202001220000,A01,109,2,WB04,WB00,¾øA½,"""흐림""",30,-3,5,2,2,2,2,2020-01-22
40,11B10101,202001150600,202001230000,A01,109,2,WB04,WB00,¾øA½,"""흐림""",30,-2,4,2,2,2,2,2020-01-23
41,11B10101,202001150600,202001240000,A01,109,2,WB04,WB00,¾øA½,"""흐림""",30,-3,2,2,2,2,2,2020-01-24
42,11B10101,202001240600,202001270000,A01,109,2,WB04,WB00,¾øA½,"""흐림""",40,3,7,1,2,2,2,2020-01-27
43,11B10101,202001240600,202001280000,A01,109,2,WB04,WB09,¾øA½,"""흐리고","비""",3,9,1,2,2,2,2020-01-28
44,11B10101,202001240600,202001290000,A01,109,2,WB04,WB00,¾øA½,"""흐림""",40,3,9,1,2,2,2,2020-01-29
45,11B10101,202001240600,202001300000,A01,109,2,WB04,WB00,¾øA½,"""흐림""",40,2,7,2,2,2,2,2020-01-30
46,11B10101,202001240600,202001310000,A01,109,2,WB03,WB00,¾øA½,"""구름많음""",30,1,6,2,2,2,2,2020-01-31
47,11B10101,202001240600,202002010000,A01,109,2,WB03,WB00,¾øA½,"""구름많음""",30,-1,5,2,2,2,2,2020-02-01
48,11B10101,202001240600,202002020000,A01,109,2,WB03,WB00,¾øA½,"""구름많음""",30,-2,4,2,2,2,2,2020-02-02
49,11B10101,202002020600,202002050000,A01,109,2,WB01,WB00,¾øA½,"""맑음""",0,-10,-3,2,1,2,2,2020-02-05
50,11B10101,202002020600,202002060000,A01,109,2,WB01,WB00,¾øA½,"""맑음""",0,-10,0,2,1,2,2,2020-02-06
51,11B10101,202002020600,202002070000,A01,109,2,WB03,WB00,¾øA½,"""구름많음""",30,-6,3,2,2,2,2,2020-02-07
52,11B10101,202002020600,202002080000,A01,109,2,WB01,WB00,¾øA½,"""맑음""",10,-3,5,2,2,2,2,2020-02-08
53,11B10101,202002020600,202002090000,A01,109,2,WB01,WB00,¾øA½,"""맑음""",20,-2,6,2,2,2,2,2020-02-09
54,11B10101,202002020600,202002100000,A01,109,2,WB01,WB00,¾øA½,"""맑음""",10,0,7,2,2,2,2,2020-02-10
55,11B10101,202002020600,202002110000,A01,109,2,WB01,WB00,¾øA½,"""맑음""",20,-1,8,2,3,2,2,2020-02-11
56,11B10101,202002110600,202002140000,A01,109,2,WB03,WB00,¾øA½,"""구름많음""",30,4,11,2,2,2,1,2020-02-14
57,11B10101,202002110600,202002150000,A01,109,2,WB03,WB00,¾øA½,"""구름많음""",20,3,10,2,1,4,2,2020-02-15
58,11B10101,202002110600,202002160000,A01,109,2,WB04,WB09,¾øA½,"""흐리고","비""",1,4,4,2,4,3,2020-02-16
59,11B10101,202002110600,202002170000,A01,109,2,WB01,WB00,¾øA½,"""맑음""",20,-4,3,4,2,2,3,2020-02-17
60,11B10101,202002110600,202002180000,A01,109,2,WB01,WB00,¾øA½,"""맑음""",10,-6,3,2,2,1,2,2020-02-18
61,11B10101,202002110600,202002190000,A01,109,2,WB01,WB00,¾øA½,"""맑음""",0,-5,5,2,1,1,2,2020-02-19
62,11B10101,202002110600,202002200000,A01,109,2,WB01,WB00,¾øA½,"""맑음""",0,-3,7,2,1,1,1,2020-02-20
63,11B10101,202002200600,202002230000,A01,109,2,WB01,WB00,¾øA½,"""맑음""",0,-3,8,0,1,0,1,2020-02-23
64,11B10101,202002200600,202002240000,A01,109,2,WB03,WB00,¾øA½,"""구름많음""",20,2,11,2,1,1,1,2020-02-24
65,11B10101,202002200600,202002250000,A01,109,2,WB04,WB09,¾øA½,"""흐리고","비""",4,12,2,3,1,1,2020-02-25
66,11B10101,202002200600,202002260000,A01,109,2,WB03,WB00,¾øA½,"""구름많음""",20,3,10,1,1,1,1,2020-02-26
67,11B10101,202002200600,202002270000,A01,109,2,WB01,WB00,¾øA½,"""맑음""",0,1,10,2,1,1,1,2020-02-27
68,11B10101,202002200600,202002280000,A01,109,2,WB04,WB09,¾øA½,"""흐리고","비""",2,8,1,2,1,2,2020-02-28
69,11B10101,202002200600,202002290000,A01,109,2,WB04,WB00,¾øA½,"""흐림""",40,2,9,1,2,2,2,2020-02-29
70,11B10101,202002290600,202003030000,A01,109,2,WB01,WB00,¾øA½,"""맑음""",0,0,11,1,1,1,1,2020-03-03
71,11B10101,202002290600,202003040000,A01,109,2,WB04,WB11,¾øA½,"""흐리고","비/눈""",1,5,1,1,1,1,2020-03-04
72,11B10101,202002290600,202003050000,A01,109,2,WB01,WB00,¾øA½,"""맑음""",0,-2,8,0,1,1,1,2020-03-05
73,11B10101,202002290600,202003060000,A01,109,2,WB03,WB00,¾øA½,"""구름많음""",20,-1,8,1,1,1,1,2020-03-06
74,11B10101,202002290600,202003070000,A01,109,2,WB03,WB00,¾øA½,"""구름많음""",20,0,11,1,2,1,1,2020-03-07
75,11B10101,202002290600,202003080000,A01,109,2,WB01,WB00,¾øA½,"""맑음""",20,3,14,2,1,1,2,2020-03-08
76,11B10101,202002290600,202003090000,A01,109,2,WB04,WB09,¾øA½,"""흐리고","비""",5,13,2,2,4,2,2020-03-09
77,11B10101,202003090600,202003120000,A01,109,2,WB01,WB00,¾øA½,"""맑음""",0,2,13,1,1,0,0,2020-03-12
78,11B10101,202003090600,202003130000,A01,109,2,WB04,WB09,¾øA½,"""흐리고","비""",2,6,2,2,1,2,2020-03-13
79,11B10101,202003090600,202003140000,A01,109,2,WB01,WB00,¾øA½,"""맑음""",10,-2,8,1,2,1,1,2020-03-14
80,11B10101,202003090600,202003150000,A01,109,2,WB01,WB00,¾øA½,"""맑음""",10,0,9,1,1,1,1,2020-03-15
81,11B10101,202003090600,202003160000,A01,109,2,WB01,WB00,¾øA½,"""맑음""",0,1,11,1,2,1,1,2020-03-16
82,11B10101,202003090600,202003170000,A01,109,2,WB01,WB00,¾øA½,"""맑음""",20,3,13,1,2,1,1,2020-03-17
83,11B10101,202003090600,202003180000,A01,109,2,WB01,WB00,¾øA½,"""맑음""",20,5,13,2,1,1,1,2020-03-18
84,11B10101,202003180600,202003210000,A01,109,2,WB01,WB00,¾øA½,"""맑음""",10,6,16,1,1,1,1,2020-03-21
85,11B10101,202003180600,202003220000,A01,109,2,WB01,WB00,¾øA½,"""맑음""",20,5,15,2,2,1,1,2020-03-22
86,11B10101,202003180600,202003230000,A01,109,2,WB01,WB00,¾øA½,"""맑음""",10,5,15,1,2,1,2,2020-03-23
87,11B10101,202003180600,202003240000,A01,109,2,WB01,WB00,¾øA½,"""맑음""",0,5,17,2,3,2,2,2020-03-24
88,11B10101,202003180600,202003250000,A01,109,2,WB03,WB00,¾øA½,"""구름많음""",30,7,17,3,3,2,2,2020-03-25
89,11B10101,202003180600,202003260000,A01,109,2,WB04,WB09,¾øA½,"""흐리고","비""",9,17,2,2,2,2,2020-03-26
90,11B10101,202003180600,202003270000,A01,109,2,WB03,WB00,¾øA½,"""구름많음""",30,9,16,3,2,3,3,2020-03-27
91,11B10101,202003270600,202003300000,A01,109,2,WB01,WB00,¾øA½,"""맑음""",0,5,17,3,1,1,1,2020-03-30
92,11B10101,202003270600,202003310000,A01,109,2,WB03,WB00,¾øA½,"""구름많음""",20,8,18,4,2,1,1,2020-03-31
93,11B10101,202003270600,202004010000,A01,109,2,WB03,WB00,¾øA½,"""구름많음""",30,8,18,2,2,1,1,2020-04-01
94,11B10101,202003270600,202004020000,A01,109,2,WB01,WB00,¾øA½,"""맑음""",20,6,15,1,1,2,2,2020-04-02
95,11B10101,202003270600,202004030000,A01,109,2,WB01,WB00,¾øA½,"""맑음""",10,6,16,2,2,1,1,2020-04-03
96,11B10101,202003270600,202004040000,A01,109,2,WB01,WB00,¾øA½,"""맑음""",10,6,16,3,1,1,1,2020-04-04
97,11B10101,202003270600,202004050000,A01,109,2,WB01,WB00,¾øA½,"""맑음""",10,7,16,3,2,2,1,2020-04-05
98,11B10101,202004050600,202004080000,A01,109,2,WB01,WB00,¾øA½,"""맑음""",0,4,14,1,1,1,2,2020-04-08
99,11B10101,202004050600,202004090000,A01,109,2,WB01,WB00,¾øA½,"""맑음""",0,5,16,1,1,1,1,2020-04-09
100,11B10101,202004050600,202004100000,A01,109,2,WB01,WB00,¾øA½,"""맑음""",10,6,17,2,1,1,1,2020-04-10
101,11B10101,202004050600,202004110000,A01,109,2,WB01,WB00,¾øA½,"""맑음""",10,7,17,1,1,1,1,2020-04-11
102,11B10101,202004050600,202004120000,A01,109,2,WB01,WB00,¾øA½,"""맑음""",20,7,17,3,1,2,1,2020-04-12
103,11B10101,202004050600,202004130000,A01,109,2,WB01,WB00,¾øA½,"""맑음""",20,7,17,2,2,1,1,2020-04-13
104,11B10101,202004050600,202004140000,A01,109,2,WB01,WB00,¾øA½,"""맑음""",0,9,19,2,3,2,1,2020-04-14
105,11B10101,202004140600,202004170000,A01,109,2,WB04,WB09,¾øA½,"""흐리고","비""",10,16,1,1,1,1,2020-04-17
106,11B10101,202004140600,202004180000,A01,109,2,WB01,WB00,¾øA½,"""맑음""",20,8,19,1,1,1,1,2020-04-18
107,11B10101,202004140600,202004190000,A01,109,2,WB03,WB00,¾øA½,"""구름많음""",30,9,18,1,1,2,2,2020-04-19
108,11B10101,202004140600,202004200000,A01,109,2,WB03,WB00,¾øA½,"""구름많음""",40,9,18,2,2,2,2,2020-04-20
109,11B10101,202004140600,202004210000,A01,109,2,WB01,WB00,¾øA½,"""맑음""",20,8,16,2,2,3,2,2020-04-21
110,11B10101,202004140600,202004220000,A01,109,2,WB01,WB00,¾øA½,"""맑음""",20,8,16,3,2,2,2,2020-04-22
111,11B10101,202004140600,202004230000,A01,109,2,WB01,WB00,¾øA½,"""맑음""",10,7,16,2,2,2,2,2020-04-23
112,11B10101,202004230600,202004260000,A01,109,2,WB01,WB00,¾øA½,"""맑음""",0,7,18,1,1,1,1,2020-04-26
113,11B10101,202004230600,202004270000,A01,109,2,WB01,WB00,¾øA½,"""맑음""",10,7,17,1,1,1,1,2020-04-27
114,11B10101,202004230600,202004280000,A01,109,2,WB01,WB00,¾øA½,"""맑음""",0,8,19,2,1,1,1,2020-04-28
115,11B10101,202004230600,202004290000,A01,109,2,WB01,WB00,¾øA½,"""맑음""",0,9,20,2,1,1,1,2020-04-29
116,11B10101,202004230600,202004300000,A01,109,2,WB01,WB00,¾øA½,"""맑음""",20,10,21,2,1,1,1,2020-04-30
117,11B10101,202004230600,202005010000,A01,109,2,WB01,WB00,¾øA½,"""맑음""",20,12,24,1,1,2,2,2020-05-01
118,11B10101,202004230600,202005020000,A01,109,2,WB03,WB00,¾øA½,"""구름많음""",30,13,24,2,1,1,2,2020-05-02
119,11B10101,202005020600,202005050000,A01,109,2,WB03,WB00,¾øA½,"""구름많음""",30,13,25,1,1,2,1,2020-05-05
120,11B10101,202005020600,202005060000,A01,109,2,WB01,WB00,¾øA½,"""맑음""",0,13,27,1,1,2,2,2020-05-06
121,11B10101,202005020600,202005070000,A01,109,2,WB01,WB00,¾øA½,"""맑음""",0,14,27,2,1,2,2,2020-05-07
122,11B10101,202005020600,202005080000,A01,109,2,WB03,WB00,¾øA½,"""구름많음""",30,14,25,1,2,3,3,2020-05-08
123,11B10101,202005020600,202005090000,A01,109,2,WB04,WB00,¾øA½,"""흐림""",40,15,23,2,2,2,1,2020-05-09
124,11B10101,202005020600,202005100000,A01,109,2,WB03,WB00,¾øA½,"""구름많음""",30,13,24,1,2,2,2,2020-05-10
125,11B10101,202005020600,202005110000,A01,109,2,WB01,WB00,¾øA½,"""맑음""",20,13,24,2,2,2,2,2020-05-11
126,11B10101,202005110600,202005140000,A01,109,2,WB03,WB00,¾øA½,"""구름많음""",30,12,25,3,2,1,1,2020-05-14
127,11B10101,202005110600,202005150000,A01,109,2,WB04,WB09,¾øA½,"""흐리고","비""",15,24,2,2,2,2,2020-05-15
128,11B10101,202005110600,202005160000,A01,109,2,WB04,WB00,¾øA½,"""흐림""",40,15,23,2,2,2,2,2020-05-16
129,11B10101,202005110600,202005170000,A01,109,2,WB04,WB00,¾øA½,"""흐림""",40,15,25,2,2,2,2,2020-05-17
130,11B10101,202005110600,202005180000,A01,109,2,WB01,WB00,¾øA½,"""맑음""",20,14,23,2,2,2,2,2020-05-18
131,11B10101,202005110600,202005190000,A01,109,2,WB03,WB00,¾øA½,"""구름많음""",30,15,24,3,2,2,2,2020-05-19
132,11B10101,202005110600,202005200000,A01,109,2,WB01,WB00,¾øA½,"""맑음""",20,14,23,2,2,2,2,2020-05-20
133,11B10101,202005200600,202005230000,A01,109,2,WB03,WB00,¾øA½,"""구름많음""",20,15,23,1,1,1,2,2020-05-23
134,11B10101,202005200600,202005240000,A01,109,2,WB04,WB09,¾øA½,"""흐리고","비""",15,22,1,1,1,2,2020-05-24
135,11B10101,202005200600,202005250000,A01,109,2,WB03,WB00,¾øA½,"""구름많음""",30,15,23,1,1,2,1,2020-05-25
136,11B10101,202005200600,202005260000,A01,109,2,WB01,WB00,¾øA½,"""맑음""",10,15,24,1,1,1,1,2020-05-26
137,11B10101,202005200600,202005270000,A01,109,2,WB01,WB00,¾øA½,"""맑음""",10,15,25,2,2,2,2,2020-05-27
138,11B10101,202005200600,202005280000,A01,109,2,WB01,WB00,¾øA½,"""맑음""",10,15,25,2,2,2,2,2020-05-28
139,11B10101,202005200600,202005290000,A01,109,2,WB01,WB00,¾øA½,"""맑음""",20,16,25,2,2,2,2,2020-05-29
140,11B10101,202005290600,202006010000,A01,109,2,WB04,WB00,¾øA½,"""흐림""",40,17,26,1,1,2,1,2020-06-01
141,11B10101,202005290600,202006020000,A01,109,2,WB03,WB00,¾øA½,"""구름많음""",30,17,24,1,1,2,1,2020-06-02
142,11B10101,202005290600,202006030000,A01,109,2,WB04,WB00,¾øA½,"""흐림""",40,18,27,1,1,1,2,2020-06-03
143,11B10101,202005290600,202006040000,A01,109,2,WB01,WB00,¾øA½,"""맑음""",20,17,26,1,1,1,2,2020-06-04
144,11B10101,202005290600,202006050000,A01,109,2,WB03,WB00,¾øA½,"""구름많음""",20,17,27,1,2,2,2,2020-06-05
145,11B10101,202005290600,202006060000,A01,109,2,WB01,WB00,¾øA½,"""맑음""",20,18,28,2,2,1,2,2020-06-06
146,11B10101,202005290600,202006070000,A01,109,2,WB01,WB00,¾øA½,"""맑음""",20,18,27,1,2,2,1,2020-06-07
147,11B10101,202006070600,202006100000,A01,109,2,WB03,WB00,¾øA½,"""구름많음""",30,20,31,2,1,1,2,2020-06-10
148,11B10101,202006070600,202006110000,A01,109,2,WB01,WB00,¾øA½,"""맑음""",20,21,30,1,1,3,1,2020-06-11
149,11B10101,202006070600,202006120000,A01,109,2,WB03,WB00,¾øA½,"""구름많음""",30,20,29,1,1,2,2,2020-06-12
150,11B10101,202006070600,202006130000,A01,109,2,WB03,WB00,¾øA½,"""구름많음""",30,19,29,1,2,2,1,2020-06-13
151,11B10101,202006070600,202006140000,A01,109,2,WB03,WB00,¾øA½,"""구름많음""",30,19,29,1,1,2,1,2020-06-14
152,11B10101,202006070600,202006150000,A01,109,2,WB03,WB00,¾øA½,"""구름많음""",30,19,28,1,1,2,2,2020-06-15
153,11B10101,202006070600,202006160000,A01,109,2,WB03,WB00,¾øA½,"""구름많음""",30,19,28,2,2,2,2,2020-06-16
154,11B10101,202006160600,202006190000,A01,109,2,WB03,WB00,¾øA½,"""구름많음""",20,20,32,1,1,2,1,2020-06-19
155,11B10101,202006160600,202006200000,A01,109,2,WB01,WB00,¾øA½,"""맑음""",0,20,31,1,1,1,2,2020-06-20
156,11B10101,202006160600,202006210000,A01,109,2,WB01,WB00,¾øA½,"""맑음""",0,21,31,1,1,2,1,2020-06-21
157,11B10101,202006160600,202006220000,A01,109,2,WB01,WB00,¾øA½,"""맑음""",0,21,32,1,0,2,3,2020-06-22
158,11B10101,202006160600,202006230000,A01,109,2,WB03,WB00,¾øA½,"""구름많음""",30,21,32,1,1,1,3,2020-06-23
159,11B10101,202006160600,202006240000,A01,109,2,WB04,WB00,¾øA½,"""흐림""",40,21,31,1,1,2,2,2020-06-24
160,11B10101,202006160600,202006250000,A01,109,2,WB04,WB09,¾øA½,"""흐리고","비""",21,29,1,1,3,3,2020-06-25
161,11B10101,202006250600,202006280000,A01,109,2,WB03,WB00,¾øA½,"""구름많음""",20,22,30,1,1,2,2,2020-06-28
162,11B10101,202006250600,202006290000,A01,109,2,WB03,WB00,¾øA½,"""구름많음""",30,22,29,1,2,3,1,2020-06-29
163,11B10101,202006250600,202006300000,A01,109,2,WB01,WB00,¾øA½,"""맑음""",20,22,30,1,1,2,1,2020-06-30
164,11B10101,202006250600,202007010000,A01,109,2,WB01,WB00,¾øA½,"""맑음""",20,21,29,2,1,1,1,2020-07-01
165,11B10101,202006250600,202007020000,A01,109,2,WB03,WB00,¾øA½,"""구름많음""",30,21,29,2,1,1,1,2020-07-02
166,11B10101,202006250600,202007030000,A01,109,2,WB04,WB00,¾øA½,"""흐림""",40,22,29,1,1,1,1,2020-07-03
167,11B10101,202006250600,202007040000,A01,109,2,WB04,WB09,¾øA½,"""흐리고","비""",22,28,1,1,2,2,2020-07-04
168,11B10101,202007040600,202007070000,A01,109,2,WB03,WB00,¾øA½,"""구름많음""",20,22,29,1,1,1,1,2020-07-07
169,11B10101,202007040600,202007080000,A01,109,2,WB03,WB00,¾øA½,"""구름많음""",30,22,29,1,1,2,1,2020-07-08
170,11B10101,202007040600,202007090000,A01,109,2,WB03,WB00,¾øA½,"""구름많음""",30,22,30,1,1,2,1,2020-07-09
171,11B10101,202007040600,202007100000,A01,109,2,WB03,WB00,¾øA½,"""구름많음""",30,23,29,1,1,2,1,2020-07-10
172,11B10101,202007040600,202007110000,A01,109,2,WB04,WB09,¾øA½,"""흐리고","비""",23,27,1,1,1,2,2020-07-11
173,11B10101,202007040600,202007120000,A01,109,2,WB04,WB09,¾øA½,"""흐리고","비""",23,27,2,1,1,2,2020-07-12
174,11B10101,202007040600,202007130000,A01,109,2,WB04,WB09,¾øA½,"""흐리고","비""",23,27,1,1,1,2,2020-07-13
175,11B10101,202007130600,202007160000,A01,109,2,WB01,WB00,¾øA½,"""맑음""",0,21,29,2,2,1,1,2020-07-16
176,11B10101,202007130600,202007170000,A01,109,2,WB01,WB00,¾øA½,"""맑음""",0,21,30,2,1,1,1,2020-07-17
177,11B10101,202007130600,202007180000,A01,109,2,WB01,WB00,¾øA½,"""맑음""",10,22,30,2,1,1,1,2020-07-18
178,11B10101,202007130600,202007190000,A01,109,2,WB04,WB00,¾øA½,"""흐림""",40,22,28,1,1,2,1,2020-07-19
179,11B10101,202007130600,202007200000,A01,109,2,WB04,WB09,¾øA½,"""흐리고","비""",23,28,1,1,1,2,2020-07-20
180,11B10101,202007130600,202007210000,A01,109,2,WB04,WB09,¾øA½,"""흐리고","비""",23,27,1,1,1,1,2020-07-21
181,11B10101,202007130600,202007220000,A01,109,2,WB04,WB09,¾øA½,"""흐리고","비""",23,28,1,1,1,1,2020-07-22
182,11B10101,202007220600,202007250000,A01,109,2,WB03,WB09,¾øA½,"""구름많고","비""",22,29,1,1,1,1,2020-07-25
183,11B10101,202007220600,202007260000,A01,109,2,WB03,WB09,¾øA½,"""구름많고","비""",21,29,1,1,2,1,2020-07-26
184,11B10101,202007220600,202007270000,A01,109,2,WB04,WB00,¾øA½,"""흐림""",40,22,29,1,1,1,1,2020-07-27
185,11B10101,202007220600,202007280000,A01,109,2,WB04,WB09,¾øA½,"""흐리고","비""",22,28,1,1,2,1,2020-07-28
186,11B10101,202007220600,202007290000,A01,109,2,WB04,WB09,¾øA½,"""흐리고","비""",23,29,1,1,1,1,2020-07-29
187,11B10101,202007220600,202007300000,A01,109,2,WB04,WB09,¾øA½,"""흐리고","비""",23,30,1,1,1,1,2020-07-30
188,11B10101,202007220600,202007310000,A01,109,2,WB04,WB00,¾øA½,"""흐림""",40,23,29,1,1,1,1,2020-07-31
189,11B10101,202007310600,202008030000,A01,109,2,WB04,WB09,¾øA½,"""흐리고","비""",23,28,1,1,1,1,2020-08-03
190,11B10101,202007310600,202008040000,A01,109,2,WB04,WB09,¾øA½,"""흐리고","비""",24,29,1,1,1,1,2020-08-04
191,11B10101,202007310600,202008050000,A01,109,2,WB04,WB09,¾øA½,"""흐리고","비""",24,29,1,1,1,2,2020-08-05
192,11B10101,202007310600,202008060000,A01,109,2,WB04,WB09,¾øA½,"""흐리고","비""",24,29,1,1,2,1,2020-08-06
193,11B10101,202007310600,202008070000,A01,109,2,WB04,WB09,¾øA½,"""흐리고","비""",24,28,1,1,1,2,2020-08-07
194,11B10101,202007310600,202008080000,A01,109,2,WB04,WB09,¾øA½,"""흐리고","비""",23,29,1,1,1,1,2020-08-08
195,11B10101,202007310600,202008090000,A01,109,2,WB04,WB09,¾øA½,"""흐리고","비""",24,29,1,1,1,1,2020-08-09
196,11B10101,202008090600,202008120000,A01,109,2,WB04,WB09,¾øA½,"""흐리고","비""",24,30,1,1,1,1,2020-08-12
197,11B10101,202008090600,202008130000,A01,109,2,WB04,WB09,¾øA½,"""흐리고","비""",25,30,1,1,1,1,2020-08-13
198,11B10101,202008090600,202008140000,A01,109,2,WB04,WB09,¾øA½,"""흐리고","비""",24,29,1,1,1,1,2020-08-14
199,11B10101,202008090600,202008150000,A01,109,2,WB04,WB00,¾øA½,"""흐림""",40,24,29,1,1,1,1,2020-08-15
200,11B10101,202008090600,202008160000,A01,109,2,WB04,WB00,¾øA½,"""흐림""",40,24,30,1,1,1,1,2020-08-16
201,11B10101,202008090600,202008170000,A01,109,2,WB04,WB00,¾øA½,"""흐림""",40,24,30,1,1,1,1,2020-08-17
202,11B10101,202008090600,202008180000,A01,109,2,WB03,WB00,¾øA½,"""구름많음""",40,24,30,1,1,1,1,2020-08-18
203,11B10101,202008180600,202008210000,A01,109,2,WB03,WB00,¾øA½,"""구름많음""",30,24,32,1,1,1,2,2020-08-21
204,11B10101,202008180600,202008220000,A01,109,2,WB04,WB00,¾øA½,"""흐림""",40,24,32,1,1,1,1,2020-08-22
205,11B10101,202008180600,202008230000,A01,109,2,WB03,WB00,¾øA½,"""구름많음""",30,23,31,1,1,1,1,2020-08-23
206,11B10101,202008180600,202008240000,A01,109,2,WB04,WB00,¾øA½,"""흐림""",40,24,30,1,1,1,1,2020-08-24
207,11B10101,202008180600,202008250000,A01,109,2,WB04,WB09,¾øA½,"""흐리고","비""",24,31,1,1,1,1,2020-08-25
208,11B10101,202008180600,202008260000,A01,109,2,WB04,WB00,¾øA½,"""흐림""",40,24,31,1,1,1,2,2020-08-26
209,11B10101,202008180600,202008270000,A01,109,2,WB04,WB00,¾øA½,"""흐림""",40,24,32,1,1,2,1,2020-08-27
210,11B10101,202008270600,202008300000,A01,109,2,WB03,WB09,¾øA½,"""구름많고","비""",25,32,1,1,1,1,2020-08-30
211,11B10101,202008270600,202008310000,A01,109,2,WB03,WB00,¾øA½,"""구름많음""",40,24,33,1,1,1,1,2020-08-31
212,11B10101,202008270600,202009010000,A01,109,2,WB03,WB00,¾øA½,"""구름많음""",40,24,31,1,1,1,1,2020-09-01
213,11B10101,202008270600,202009020000,A01,109,2,WB04,WB09,¾øA½,"""흐리고","비""",24,30,1,1,2,1,2020-09-02
214,11B10101,202008270600,202009030000,A01,109,2,WB04,WB09,¾øA½,"""흐리고","비""",22,29,1,1,1,2,2020-09-03
215,11B10101,202008270600,202009040000,A01,109,2,WB04,WB00,¾øA½,"""흐림""",40,22,29,2,2,1,1,2020-09-04
216,11B10101,202008270600,202009050000,A01,109,2,WB04,WB00,¾øA½,"""흐림""",40,22,29,2,2,1,1,2020-09-05
217,11B10101,202009050600,202009080000,A01,109,2,WB04,WB09,¾øA½,"""흐리고","비""",21,25,1,1,2,1,2020-09-08
218,11B10101,202009050600,202009090000,A01,109,2,WB03,WB00,¾øA½,"""구름많음""",40,20,26,1,1,1,1,2020-09-09
219,11B10101,202009050600,202009100000,A01,109,2,WB03,WB09,¾øA½,"""구름많고","비""",20,27,1,1,1,1,2020-09-10
220,11B10101,202009050600,202009110000,A01,109,2,WB01,WB00,¾øA½,"""맑음""",20,20,27,1,1,1,1,2020-09-11
221,11B10101,202009050600,202009120000,A01,109,2,WB01,WB00,¾øA½,"""맑음""",20,20,27,2,2,1,1,2020-09-12
222,11B10101,202009050600,202009130000,A01,109,2,WB03,WB00,¾øA½,"""구름많음""",20,20,27,2,2,1,1,2020-09-13
223,11B10101,202009050600,202009140000,A01,109,2,WB03,WB00,¾øA½,"""구름많음""",30,19,27,2,2,1,1,2020-09-14
224,11B10101,202009140600,202009170000,A01,109,2,WB04,WB09,¾øA½,"""흐리고","비""",19,25,1,1,1,1,2020-09-17
225,11B10101,202009140600,202009180000,A01,109,2,WB01,WB00,¾øA½,"""맑음""",0,17,25,1,1,1,1,2020-09-18
226,11B10101,202009140600,202009190000,A01,109,2,WB01,WB00,¾øA½,"""맑음""",10,17,25,1,2,1,1,2020-09-19
227,11B10101,202009140600,202009200000,A01,109,2,WB01,WB00,¾øA½,"""맑음""",10,16,25,2,1,1,1,2020-09-20
228,11B10101,202009140600,202009210000,A01,109,2,WB01,WB00,¾øA½,"""맑음""",0,16,25,2,2,2,1,2020-09-21
229,11B10101,202009140600,202009220000,A01,109,2,WB03,WB00,¾øA½,"""구름많음""",30,15,25,2,2,1,2,2020-09-22
230,11B10101,202009140600,202009230000,A01,109,2,WB03,WB00,¾øA½,"""구름많음""",30,15,25,1,2,1,2,2020-09-23
231,11B10101,202009230600,202009260000,A01,109,2,WB03,WB00,¾øA½,"""구름많음""",20,16,25,1,1,1,0,2020-09-26
232,11B10101,202009230600,202009270000,A01,109,2,WB01,WB00,¾øA½,"""맑음""",0,15,25,2,1,1,1,2020-09-27
233,11B10101,202009230600,202009280000,A01,109,2,WB01,WB00,¾øA½,"""맑음""",0,15,24,1,1,1,1,2020-09-28
234,11B10101,202009230600,202009290000,A01,109,2,WB03,WB00,¾øA½,"""구름많음""",30,16,24,1,1,1,1,2020-09-29
235,11B10101,202009230600,202009300000,A01,109,2,WB03,WB00,¾øA½,"""구름많음""",30,15,23,1,1,1,1,2020-09-30
236,11B10101,202009230600,202010010000,A01,109,2,WB03,WB00,¾øA½,"""구름많음""",20,14,22,2,1,2,1,2020-10-01
237,11B10101,202009230600,202010020000,A01,109,2,WB01,WB00,¾øA½,"""맑음""",20,13,21,3,3,2,2,2020-10-02
238,11B10101,202010020600,202010050000,A01,109,2,WB01,WB00,¾øA½,"""맑음""",0,10,18,1,1,1,1,2020-10-05
239,11B10101,202010020600,202010060000,A01,109,2,WB01,WB00,¾øA½,"""맑음""",0,9,19,1,1,1,1,2020-10-06
240,11B10101,202010020600,202010070000,A01,109,2,WB03,WB00,¾øA½,"""구름많음""",30,10,21,2,2,1,2,2020-10-07
241,11B10101,202010020600,202010080000,A01,109,2,WB01,WB00,¾øA½,"""맑음""",0,11,22,1,1,1,1,2020-10-08
242,11B10101,202010020600,202010090000,A01,109,2,WB03,WB00,¾øA½,"""구름많음""",20,11,22,1,1,1,1,2020-10-09
243,11B10101,202010020600,202010100000,A01,109,2,WB01,WB00,¾øA½,"""맑음""",20,13,23,2,2,2,2,2020-10-10
244,11B10101,202010020600,202010110000,A01,109,2,WB03,WB00,¾øA½,"""구름많음""",30,13,23,2,2,2,2,2020-10-11
245,11B10101,202010110600,202010140000,A01,109,2,WB03,WB00,¾øA½,"""구름많음""",30,10,18,1,1,2,1,2020-10-14
246,11B10101,202010110600,202010150000,A01,109,2,WB03,WB00,¾øA½,"""구름많음""",30,9,19,3,3,2,2,2020-10-15
247,11B10101,202010110600,202010160000,A01,109,2,WB03,WB00,¾øA½,"""구름많음""",30,10,19,2,2,1,1,2020-10-16
248,11B10101,202010110600,202010170000,A01,109,2,WB01,WB00,¾øA½,"""맑음""",10,9,19,1,2,1,1,2020-10-17
249,11B10101,202010110600,202010180000,A01,109,2,WB01,WB00,¾øA½,"""맑음""",0,10,20,2,2,1,1,2020-10-18
250,11B10101,202010110600,202010190000,A01,109,2,WB01,WB00,¾øA½,"""맑음""",10,10,20,2,1,1,1,2020-10-19
251,11B10101,202010110600,202010200000,A01,109,2,WB01,WB00,¾øA½,"""맑음""",10,10,20,2,2,2,2,2020-10-20
252,11B10101,202010200600,202010230000,A01,109,2,WB01,WB00,¾øA½,"""맑음""",0,5,14,1,1,0,1,2020-10-23
253,11B10101,202010200600,202010240000,A01,109,2,WB01,WB00,¾øA½,"""맑음""",0,4,15,0,0,1,1,2020-10-24
254,11B10101,202010200600,202010250000,A01,109,2,WB03,WB00,¾øA½,"""구름많음""",20,7,18,1,1,1,1,2020-10-25
255,11B10101,202010200600,202010260000,A01,109,2,WB01,WB00,¾øA½,"""맑음""",0,9,19,1,2,1,0,2020-10-26
256,11B10101,202010200600,202010270000,A01,109,2,WB03,WB00,¾øA½,"""구름많음""",20,9,19,1,1,1,1,2020-10-27
257,11B10101,202010200600,202010280000,A01,109,2,WB01,WB00,¾øA½,"""맑음""",10,10,18,2,1,1,2,2020-10-28
258,11B10101,202010200600,202010290000,A01,109,2,WB01,WB00,¾øA½,"""맑음""",10,9,17,2,2,2,2,2020-10-29
259,11B10101,202010290600,202011010000,A01,109,2,WB04,WB09,¾øA½,"""흐리고","비""",10,15,0,1,1,1,2020-11-01
260,11B10101,202010290600,202011020000,A01,109,2,WB03,WB00,¾øA½,"""구름많음""",40,7,14,2,2,1,1,2020-11-02
261,11B10101,202010290600,202011030000,A01,109,2,WB01,WB00,¾øA½,"""맑음""",20,2,11,1,1,1,1,2020-11-03
262,11B10101,202010290600,202011040000,A01,109,2,WB01,WB00,¾øA½,"""맑음""",0,1,13,0,1,2,1,2020-11-04
263,11B10101,202010290600,202011050000,A01,109,2,WB01,WB00,¾øA½,"""맑음""",10,4,15,1,3,2,2,2020-11-05
264,11B10101,202010290600,202011060000,A01,109,2,WB04,WB00,¾øA½,"""흐림""",40,6,15,2,1,2,2,2020-11-06
265,11B10101,202010290600,202011070000,A01,109,2,WB01,WB00,¾øA½,"""맑음""",20,7,16,2,1,2,1,2020-11-07
266,11B10101,202011070600,202011100000,A01,109,2,WB01,WB00,¾øA½,"""맑음""",0,2,12,1,1,1,1,2020-11-10
267,11B10101,202011070600,202011110000,A01,109,2,WB01,WB00,¾øA½,"""맑음""",0,3,15,1,3,1,1,2020-11-11
268,11B10101,202011070600,202011120000,A01,109,2,WB01,WB00,¾øA½,"""맑음""",0,6,15,3,2,1,1,2020-11-12
269,11B10101,202011070600,202011130000,A01,109,2,WB03,WB00,¾øA½,"""구름많음""",20,7,15,2,1,1,1,2020-11-13
270,11B10101,202011070600,202011140000,A01,109,2,WB01,WB00,¾øA½,"""맑음""",0,7,15,2,2,1,1,2020-11-14
271,11B10101,202011070600,202011150000,A01,109,2,WB01,WB00,¾øA½,"""맑음""",0,6,14,1,1,1,2,2020-11-15
272,11B10101,202011070600,202011160000,A01,109,2,WB01,WB00,¾øA½,"""맑음""",10,6,14,1,2,2,2,2020-11-16
273,11B10101,202011160600,202011190000,A01,109,2,WB04,WB09,¾øA½,"""흐리고","비""",15,17,2,2,0,1,2020-11-19
274,11B10101,202011160600,202011200000,A01,109,2,WB03,WB00,¾øA½,"""구름많음""",30,8,10,2,2,2,2,2020-11-20
275,11B10101,202011160600,202011210000,A01,109,2,WB01,WB00,¾øA½,"""맑음""",0,3,12,2,3,2,2,2020-11-21
276,11B10101,202011160600,202011220000,A01,109,2,WB03,WB00,¾øA½,"""구름많음""",30,4,11,3,3,3,2,2020-11-22
277,11B10101,202011160600,202011230000,A01,109,2,WB03,WB00,¾øA½,"""구름많음""",30,1,10,2,3,3,2,2020-11-23
278,11B10101,202011160600,202011240000,A01,109,2,WB01,WB00,¾øA½,"""맑음""",20,2,9,3,2,2,2,2020-11-24
279,11B10101,202011160600,202011250000,A01,109,2,WB01,WB00,¾øA½,"""맑음""",10,2,8,2,3,2,2,2020-11-25
280,11B10101,202011250600,202011280000,A01,109,2,WB01,WB00,¾øA½,"""맑음""",0,-4,3,0,0,1,0,2020-11-28
281,11B10101,202011250600,202011290000,A01,109,2,WB01,WB00,¾øA½,"""맑음""",0,-3,4,1,1,1,1,2020-11-29
282,11B10101,202011250600,202011300000,A01,109,2,WB01,WB00,¾øA½,"""맑음""",0,-3,5,0,1,0,1,2020-11-30
283,11B10101,202011250600,202012010000,A01,109,2,WB03,WB00,¾øA½,"""구름많음""",20,-3,5,1,1,1,1,2020-12-01
284,11B10101,202011250600,202012020000,A01,109,2,WB03,WB00,¾øA½,"""구름많음""",20,-1,6,2,1,2,1,2020-12-02
285,11B10101,202011250600,202012030000,A01,109,2,WB03,WB00,¾øA½,"""구름많음""",20,-2,5,1,1,1,1,2020-12-03
286,11B10101,202011250600,202012040000,A01,109,2,WB01,WB00,¾øA½,"""맑음""",10,-3,4,1,1,1,1,2020-12-04
287,11B10101,202012040600,202012070000,A01,109,2,WB03,WB00,¾øA½,"""구름많음""",20,1,7,2,1,1,1,2020-12-07
288,11B10101,202012040600,202012080000,A01,109,2,WB01,WB00,¾øA½,"""맑음""",0,-3,4,3,2,2,2,2020-12-08
289,11B10101,202012040600,202012090000,A01,109,2,WB03,WB00,¾øA½,"""구름많음""",20,-3,5,1,2,2,2,2020-12-09
290,11B10101,202012040600,202012100000,A01,109,2,WB04,WB00,¾øA½,"""흐림""",40,0,6,1,4,2,2,2020-12-10
291,11B10101,202012040600,202012110000,A01,109,2,WB01,WB00,¾øA½,"""맑음""",20,-2,5,2,2,2,2,2020-12-11
292,11B10101,202012040600,202012120000,A01,109,2,WB01,WB00,¾øA½,"""맑음""",20,-2,5,2,2,2,2,2020-12-12
293,11B10101,202012040600,202012130000,A01,109,2,WB01,WB00,¾øA½,"""맑음""",20,-1,5,2,2,4,3,2020-12-13
294,11B10101,202012130600,202012160000,A01,109,2,WB03,WB00,¾øA½,"""구름많음""",20,-10,-2,1,1,1,1,2020-12-16
295,11B10101,202012130600,202012170000,A01,109,2,WB03,WB00,¾øA½,"""구름많음""",20,-7,3,1,1,1,1,2020-12-17
296,11B10101,202012130600,202012180000,A01,109,2,WB03,WB00,¾øA½,"""구름많음""",20,-4,4,2,1,1,2,2020-12-18
297,11B10101,202012130600,202012190000,A01,109,2,WB03,WB00,¾øA½,"""구름많음""",20,-3,2,2,3,2,2,2020-12-19
298,11B10101,202012130600,202012200000,A01,109,2,WB01,WB00,¾øA½,"""맑음""",0,-6,2,1,5,1,1,2020-12-20
299,11B10101,202012130600,202012210000,A01,109,2,WB01,WB00,¾øA½,"""맑음""",20,-5,3,2,2,2,2,2020-12-21
300,11B10101,202012130600,202012220000,A01,109,2,WB01,WB00,¾øA½,"""맑음""",10,-4,3,3,2,4,2,2020-12-22
301,11B10101,202012220600,202012250000,A01,109,2,WB01,WB00,¾øA½,"""맑음""",0,-5,3,0,0,1,1,2020-12-25
302,11B10101,202012220600,202012260000,A01,109,2,WB01,WB00,¾øA½,"""맑음""",0,-3,6,1,1,2,1,2020-12-26
303,11B10101,202012220600,202012270000,A01,109,2,WB04,WB11,¾øA½,"""흐리고","비/눈""",1,5,1,1,1,1,2020-12-27
304,11B10101,202012220600,202012280000,A01,109,2,WB01,WB00,¾øA½,"""맑음""",10,-4,1,2,2,2,2,2020-12-28
305,11B10101,202012220600,202012290000,A01,109,2,WB01,WB00,¾øA½,"""맑음""",0,-8,-4,2,1,2,3,2020-12-29
306,11B10101,202012220600,202012300000,A01,109,2,WB01,WB00,¾øA½,"""맑음""",0,-12,-5,1,2,1,1,2020-12-30
307,11B10101,202012220600,202012310000,A01,109,2,WB01,WB00,¾øA½,"""맑음""",0,-13,-5,1,1,1,1,2020-12-31
308,11B10101,202012310600,202101030000,A01,109,2,WB01,WB00,¾øA½,"""맑음""",0,-9,-1,1,1,1,2,2021-01-03
309,11B10101,202012310600,202101040000,A01,109,2,WB01,WB00,¾øA½,"""맑음""",10,-7,1,1,1,2,2,2021-01-04
310,11B10101,202012310600,202101050000,A01,109,2,WB03,WB00,¾øA½,"""구름많음""",20,-6,-1,1,2,1,1,2021-01-05
311,11B10101,202012310600,202101060000,A01,109,2,WB01,WB00,¾øA½,"""맑음""",0,-10,-3,1,1,1,1,2021-01-06
312,11B10101,202012310600,202101070000,A01,109,2,WB01,WB00,¾øA½,"""맑음""",20,-11,-4,2,3,2,3,2021-01-07
313,11B10101,202012310600,202101080000,A01,109,2,WB01,WB00,¾øA½,"""맑음""",10,-12,-5,2,2,1,2,2021-01-08
314,11B10101,202012310600,202101090000,A01,109,2,WB01,WB00,¾øA½,"""맑음""",10,-11,-3,2,3,1,2,2021-01-09
315,11B10101,202101090600,202101120000,A01,109,2,WB01,WB00,¾øA½,"""맑음""",10,-8,1,1,1,1,1,2021-01-12
316,11B10101,202101090600,202101130000,A01,109,2,WB03,WB00,¾øA½,"""구름많음""",40,-3,6,1,1,3,1,2021-01-13
317,11B10101,202101090600,202101140000,A01,109,2,WB01,WB00,¾øA½,"""맑음""",0,-2,6,2,4,2,1,2021-01-14
318,11B10101,202101090600,202101150000,A01,109,2,WB03,WB00,¾øA½,"""구름많음""",30,-2,5,3,4,3,2,2021-01-15
319,11B10101,202101090600,202101160000,A01,109,2,WB04,WB11,¾øA½,"""흐리고","비/눈""",-1,2,3,1,2,2,2021-01-16
320,11B10101,202101090600,202101170000,A01,109,2,WB01,WB00,¾øA½,"""맑음""",10,-7,-1,1,2,2,2,2021-01-17
321,11B10101,202101090600,202101180000,A01,109,2,WB01,WB00,¾øA½,"""맑음""",10,-8,1,1,2,2,2,2021-01-18
322,11B10101,202101180600,202101210000,A01,109,2,WB04,WB00,¾øA½,"""흐림""",40,1,5,1,1,1,2,2021-01-21
323,11B10101,202101180600,202101220000,A01,109,2,WB04,WB00,¾øA½,"""흐림""",40,1,6,1,1,1,1,2021-01-22
324,11B10101,202101180600,202101230000,A01,109,2,WB03,WB00,¾øA½,"""구름많음""",30,0,8,1,1,1,1,2021-01-23
325,11B10101,202101180600,202101240000,A01,109,2,WB04,WB11,¾øA½,"""흐리고","비/눈""",1,6,1,1,1,1,2021-01-24
326,11B10101,202101180600,202101250000,A01,109,2,WB01,WB00,¾øA½,"""맑음""",0,-2,7,3,2,2,1,2021-01-25
327,11B10101,202101180600,202101260000,A01,109,2,WB04,WB00,¾øA½,"""흐림""",40,-1,5,1,2,1,1,2021-01-26
328,11B10101,202101180600,202101270000,A01,109,2,WB03,WB00,¾øA½,"""구름많음""",30,-2,5,2,2,2,2,2021-01-27
329,11B10101,202101270600,202101300000,A01,109,2,WB01,WB00,¾øA½,"""맑음""",20,-7,5,2,2,1,1,2021-01-30
330,11B10101,202101270600,202101310000,A01,109,2,WB03,WB00,¾øA½,"""구름많음""",20,-3,7,3,3,2,2,2021-01-31
331,11B10101,202101270600,202102010000,A01,109,2,WB03,WB00,¾øA½,"""구름많음""",20,0,7,3,2,2,2,2021-02-01
332,11B10101,202101270600,202102020000,A01,109,2,WB01,WB00,¾øA½,"""맑음""",10,-6,1,2,4,3,3,2021-02-02
333,11B10101,202101270600,202102030000,A01,109,2,WB01,WB00,¾øA½,"""맑음""",10,-7,1,1,3,2,3,2021-02-03
334,11B10101,202101270600,202102040000,A01,109,2,WB01,WB00,¾øA½,"""맑음""",20,-6,-1,2,3,2,5,2021-02-04
335,11B10101,202101270600,202102050000,A01,109,2,WB01,WB00,¾øA½,"""맑음""",10,-8,0,3,4,1,3,2021-02-05
336,11B10101,202102050600,202102080000,A01,109,2,WB01,WB00,¾øA½,"""맑음""",0,-6,2,1,0,1,1,2021-02-08
337,11B10101,202102050600,202102090000,A01,109,2,WB01,WB00,¾øA½,"""맑음""",0,-3,6,1,1,1,1,2021-02-09
338,11B10101,202102050600,202102100000,A01,109,2,WB03,WB00,¾øA½,"""구름많음""",30,0,7,1,1,1,1,2021-02-10
339,11B10101,202102050600,202102110000,A01,109,2,WB01,WB00,¾øA½,"""맑음""",10,0,7,3,1,1,1,2021-02-11
340,11B10101,202102050600,202102120000,A01,109,2,WB03,WB00,¾øA½,"""구름많음""",20,-1,8,2,2,2,1,2021-02-12
341,11B10101,202102050600,202102130000,A01,109,2,WB03,WB00,¾øA½,"""구름많음""",30,0,7,2,2,2,2,2021-02-13
342,11B10101,202102050600,202102140000,A01,109,2,WB01,WB00,¾øA½,"""맑음""",20,-2,5,3,2,3,2,2021-02-14
343,11B10101,202102140600,202102170000,A01,109,2,WB01,WB00,¾øA½,"""맑음""",0,-10,-5,0,1,1,1,2021-02-17
344,11B10101,202102140600,202102180000,A01,109,2,WB01,WB00,¾øA½,"""맑음""",0,-8,1,1,1,1,1,2021-02-18
345,11B10101,202102140600,202102190000,A01,109,2,WB01,WB00,¾øA½,"""맑음""",0,-4,8,2,2,2,1,2021-02-19
346,11B10101,202102140600,202102200000,A01,109,2,WB01,WB00,¾øA½,"""맑음""",0,2,13,2,1,1,1,2021-02-20
347,11B10101,202102140600,202102210000,A01,109,2,WB01,WB00,¾øA½,"""맑음""",20,4,12,3,2,2,1,2021-02-21
348,11B10101,202102140600,202102220000,A01,109,2,WB03,WB00,¾øA½,"""구름많음""",30,3,10,4,1,3,2,2021-02-22
349,11B10101,202102140600,202102230000,A01,109,2,WB03,WB00,¾øA½,"""구름많음""",30,1,9,3,4,2,2,2021-02-23
350,11B10101,202102230600,202102260000,A01,109,2,WB03,WB00,¾øA½,"""구름많음""",30,2,13,2,1,1,2,2021-02-26
351,11B10101,202102230600,202102270000,A01,109,2,WB01,WB00,¾øA½,"""맑음""",10,2,14,1,2,1,1,2021-02-27
352,11B10101,202102230600,202102280000,A01,109,2,WB01,WB00,¾øA½,"""맑음""",20,2,14,2,2,1,1,2021-02-28
353,11B10101,202102230600,202103010000,A01,109,2,WB04,WB09,¾øA½,"""흐리고","비""",5,10,1,2,2,2,2021-03-01
354,11B10101,202102230600,202103020000,A01,109,2,WB01,WB00,¾øA½,"""맑음""",20,-1,6,4,3,2,1,2021-03-02
355,11B10101,202102230600,202103030000,A01,109,2,WB01,WB00,¾øA½,"""맑음""",0,-2,6,2,2,2,1,2021-03-03
356,11B10101,202102230600,202103040000,A01,109,2,WB03,WB00,¾øA½,"""구름많음""",30,-1,9,2,1,1,1,2021-03-04
357,11B10101,202103040600,202103070000,A01,109,2,WB03,WB00,¾øA½,"""구름많음""",30,1,9,1,2,1,1,2021-03-07
358,11B10101,202103040600,202103080000,A01,109,2,WB01,WB00,¾øA½,"""맑음""",0,0,12,1,1,1,1,2021-03-08
359,11B10101,202103040600,202103090000,A01,109,2,WB03,WB00,¾øA½,"""구름많음""",30,3,12,3,2,1,1,2021-03-09
360,11B10101,202103040600,202103100000,A01,109,2,WB01,WB00,¾øA½,"""맑음""",0,3,14,2,3,1,1,2021-03-10
361,11B10101,202103040600,202103110000,A01,109,2,WB03,WB00,¾øA½,"""구름많음""",30,4,13,2,2,1,1,2021-03-11
362,11B10101,202103040600,202103120000,A01,109,2,WB04,WB00,¾øA½,"""흐림""",40,4,13,1,1,1,1,2021-03-12
363,11B10101,202103040600,202103130000,A01,109,2,WB01,WB00,¾øA½,"""맑음""",10,3,13,2,2,1,1,2021-03-13
364,11B10101,202103130600,202103160000,A01,109,2,WB03,WB09,¾øA½,"""구름많고","비""",5,14,1,1,1,1,2021-03-16
365,11B10101,202103130600,202103170000,A01,109,2,WB01,WB00,¾øA½,"""맑음""",0,3,15,1,4,2,2,2021-03-17
366,11B10101,202103130600,202103180000,A01,109,2,WB04,WB00,¾øA½,"""흐림""",40,6,16,3,2,2,1,2021-03-18
367,11B10101,202103130600,202103190000,A01,109,2,WB03,WB00,¾øA½,"""구름많음""",20,6,16,2,2,1,2,2021-03-19
368,11B10101,202103130600,202103200000,A01,109,2,WB04,WB00,¾øA½,"""흐림""",40,5,12,2,2,1,1,2021-03-20
369,11B10101,202103130600,202103210000,A01,109,2,WB03,WB00,¾øA½,"""구름많음""",40,3,12,1,1,2,2,2021-03-21
370,11B10101,202103130600,202103220000,A01,109,2,WB01,WB00,¾øA½,"""맑음""",10,3,12,1,2,2,1,2021-03-22
371,11B10101,202103220600,202103250000,A01,109,2,WB03,WB00,¾øA½,"""구름많음""",40,7,17,1,2,1,1,2021-03-25
372,11B10101,202103220600,202103260000,A01,109,2,WB03,WB00,¾øA½,"""구름많음""",30,7,17,1,1,1,1,2021-03-26
373,11B10101,202103220600,202103270000,A01,109,2,WB04,WB00,¾øA½,"""흐림""",40,9,15,1,1,2,1,2021-03-27
374,11B10101,202103220600,202103280000,A01,109,2,WB04,WB09,¾øA½,"""흐리고","비""",10,16,1,2,1,3,2021-03-28
375,11B10101,202103220600,202103290000,A01,109,2,WB01,WB00,¾øA½,"""맑음""",20,7,17,1,2,1,2,2021-03-29
376,11B10101,202103220600,202103300000,A01,109,2,WB03,WB00,¾øA½,"""구름많음""",30,7,18,1,1,1,2,2021-03-30
377,11B10101,202103220600,202103310000,A01,109,2,WB03,WB00,¾øA½,"""구름많음""",30,9,19,2,1,1,3,2021-03-31
378,11B10101,202103310600,202104030000,A01,109,2,WB04,WB09,¾øA½,"""흐리고","비""",13,18,1,1,1,3,2021-04-03
379,11B10101,202103310600,202104040000,A01,109,2,WB04,WB09,¾øA½,"""흐리고","비""",9,14,1,1,1,2,2021-04-04
380,11B10101,202103310600,202104050000,A01,109,2,WB01,WB00,¾øA½,"""맑음""",10,5,17,2,1,1,2,2021-04-05
381,11B10101,202103310600,202104060000,A01,109,2,WB04,WB00,¾øA½,"""흐림""",40,8,15,1,1,1,1,2021-04-06
382,11B10101,202103310600,202104070000,A01,109,2,WB01,WB00,¾øA½,"""맑음""",0,6,16,1,1,1,1,2021-04-07
383,11B10101,202103310600,202104080000,A01,109,2,WB01,WB00,¾øA½,"""맑음""",0,7,16,2,2,3,1,2021-04-08
384,11B10101,202103310600,202104090000,A01,109,2,WB01,WB00,¾øA½,"""맑음""",10,7,17,3,2,3,2,2021-04-09
385,11B10101,202104090600,202104120000,A01,109,2,WB03,WB00,¾øA½,"""구름많음""",30,10,18,1,1,2,1,2021-04-12
386,11B10101,202104090600,202104130000,A01,109,2,WB04,WB09,¾øA½,"""흐리고","비""",12,18,2,1,2,1,2021-04-13
387,11B10101,202104090600,202104140000,A01,109,2,WB01,WB00,¾øA½,"""맑음""",0,6,17,2,2,2,2,2021-04-14
388,11B10101,202104090600,202104150000,A01,109,2,WB01,WB00,¾øA½,"""맑음""",0,7,18,2,2,2,2,2021-04-15
389,11B10101,202104090600,202104160000,A01,109,2,WB03,WB00,¾øA½,"""구름많음""",40,8,17,2,2,2,2,2021-04-16
390,11B10101,202104090600,202104170000,A01,109,2,WB01,WB00,¾øA½,"""맑음""",20,8,19,2,2,2,2,2021-04-17
391,11B10101,202104090600,202104180000,A01,109,2,WB01,WB00,¾øA½,"""맑음""",10,10,19,2,2,2,2,2021-04-18
392,11B10101,202104180600,202104210000,A01,109,2,WB03,WB00,¾øA½,"""구름많음""",30,11,25,3,2,1,1,2021-04-21
393,11B10101,202104180600,202104220000,A01,109,2,WB03,WB00,¾øA½,"""구름많음""",30,13,25,1,2,2,1,2021-04-22
394,11B10101,202104180600,202104230000,A01,109,2,WB03,WB00,¾øA½,"""구름많음""",30,13,22,1,2,3,4,2021-04-23
395,11B10101,202104180600,202104240000,A01,109,2,WB03,WB00,¾øA½,"""구름많음""",30,11,23,3,2,2,2,2021-04-24
396,11B10101,202104180600,202104250000,A01,109,2,WB01,WB00,¾øA½,"""맑음""",10,12,22,3,3,2,1,2021-04-25
397,11B10101,202104180600,202104260000,A01,109,2,WB03,WB00,¾øA½,"""구름많음""",30,11,21,1,2,2,2,2021-04-26
398,11B10101,202104180600,202104270000,A01,109,2,WB03,WB00,¾øA½,"""구름많음""",30,10,20,1,2,2,2,2021-04-27
399,11B10101,202104270600,202104300000,A01,109,2,WB04,WB09,¾øA½,"""흐리고","비""",11,18,1,1,2,2,2021-04-30
400,11B10101,202104270600,202105010000,A01,109,2,WB03,WB09,¾øA½,"""구름많고","비""",9,17,1,1,1,1,2021-05-01
401,11B10101,202104270600,202105020000,A01,109,2,WB01,WB00,¾øA½,"""맑음""",10,9,20,1,1,1,1,2021-05-02
402,11B10101,202104270600,202105030000,A01,109,2,WB03,WB00,¾øA½,"""구름많음""",30,11,22,2,1,1,1,2021-05-03
403,11B10101,202104270600,202105040000,A01,109,2,WB04,WB09,¾øA½,"""흐리고","비""",14,22,2,1,2,2,2021-05-04
404,11B10101,202104270600,202105050000,A01,109,2,WB04,WB00,¾øA½,"""흐림""",40,13,21,2,2,2,3,2021-05-05
405,11B10101,202104270600,202105060000,A01,109,2,WB01,WB00,¾øA½,"""맑음""",20,12,21,1,1,1,1,2021-05-06
406,11B10101,202105060600,202105090000,A01,109,2,WB01,WB00,¾øA½,"""맑음""",0,11,20,1,1,1,1,2021-05-09
407,11B10101,202105060600,202105100000,A01,109,2,WB03,WB00,¾øA½,"""구름많음""",30,12,21,1,2,1,1,2021-05-10
408,11B10101,202105060600,202105110000,A01,109,2,WB03,WB00,¾øA½,"""구름많음""",30,13,24,2,1,2,1,2021-05-11
409,11B10101,202105060600,202105120000,A01,109,2,WB01,WB00,¾øA½,"""맑음""",10,15,25,2,2,1,2,2021-05-12
410,11B10101,202105060600,202105130000,A01,109,2,WB01,WB00,¾øA½,"""맑음""",10,14,26,1,2,1,2,2021-05-13
411,11B10101,202105060600,202105140000,A01,109,2,WB01,WB00,¾øA½,"""맑음""",10,15,26,1,2,2,1,2021-05-14
412,11B10101,202105060600,202105150000,A01,109,2,WB03,WB00,¾øA½,"""구름많음""",30,16,25,2,1,2,2,2021-05-15
413,11B10101,202105150600,202105180000,A01,109,2,WB03,WB00,¾øA½,"""구름많음""",30,14,25,1,1,1,1,2021-05-18
414,11B10101,202105150600,202105190000,A01,109,2,WB01,WB00,¾øA½,"""맑음""",0,15,26,1,1,1,1,2021-05-19
415,11B10101,202105150600,202105200000,A01,109,2,WB03,WB00,¾øA½,"""구름많음""",30,17,26,2,1,2,3,2021-05-20
416,11B10101,202105150600,202105210000,A01,109,2,WB04,WB00,¾øA½,"""흐림""",40,16,24,1,2,1,3,2021-05-21
417,11B10101,202105150600,202105220000,A01,109,2,WB01,WB00,¾øA½,"""맑음""",10,15,26,1,2,1,1,2021-05-22
418,11B10101,202105150600,202105230000,A01,109,2,WB03,WB00,¾øA½,"""구름많음""",30,17,27,1,2,2,2,2021-05-23
419,11B10101,202105150600,202105240000,A01,109,2,WB03,WB00,¾øA½,"""구름많음""",30,17,26,2,3,2,3,2021-05-24
420,11B10101,202105240600,202105270000,A01,109,2,WB04,WB09,¾øA½,"""흐리고","비""",15,22,1,1,2,1,2021-05-27
421,11B10101,202105240600,202105280000,A01,109,2,WB03,WB00,¾øA½,"""구름많음""",40,15,22,1,1,1,2,2021-05-28
422,11B10101,202105240600,202105290000,A01,109,2,WB01,WB00,¾øA½,"""맑음""",20,14,23,1,1,1,1,2021-05-29
423,11B10101,202105240600,202105300000,A01,109,2,WB01,WB00,¾øA½,"""맑음""",10,15,25,2,1,1,1,2021-05-30
424,11B10101,202105240600,202105310000,A01,109,2,WB01,WB00,¾øA½,"""맑음""",10,16,26,3,2,1,1,2021-05-31
425,11B10101,202105240600,202106010000,A01,109,2,WB03,WB00,¾øA½,"""구름많음""",20,16,26,2,1,2,2,2021-06-01
426,11B10101,202105240600,202106020000,A01,109,2,WB03,WB00,¾øA½,"""구름많음""",30,18,26,2,2,1,2,2021-06-02
427,11B10101,202106020600,202106050000,A01,109,2,WB01,WB00,¾øA½,"""맑음""",0,15,25,1,1,0,1,2021-06-05
428,11B10101,202106020600,202106060000,A01,109,2,WB01,WB00,¾øA½,"""맑음""",10,16,25,1,0,1,0,2021-06-06
429,11B10101,202106020600,202106070000,A01,109,2,WB03,WB00,¾øA½,"""구름많음""",20,17,27,1,0,1,1,2021-06-07
430,11B10101,202106020600,202106080000,A01,109,2,WB03,WB00,¾øA½,"""구름많음""",20,18,29,1,1,1,1,2021-06-08
431,11B10101,202106020600,202106090000,A01,109,2,WB03,WB00,¾øA½,"""구름많음""",30,19,28,1,1,1,2,2021-06-09
432,11B10101,202106020600,202106100000,A01,109,2,WB03,WB00,¾øA½,"""구름많음""",30,19,28,2,1,2,2,2021-06-10
433,11B10101,202106020600,202106110000,A01,109,2,WB03,WB00,¾øA½,"""구름많음""",30,19,28,2,2,1,2,2021-06-11
434,11B10101,202106110600,202106140000,A01,109,2,WB03,WB00,¾øA½,"""구름많음""",30,21,31,0,0,1,1,2021-06-14
435,11B10101,202106110600,202106150000,A01,109,2,WB03,WB00,¾øA½,"""구름많음""",30,20,30,1,1,1,1,2021-06-15
436,11B10101,202106110600,202106160000,A01,109,2,WB03,WB00,¾øA½,"""구름많음""",30,20,30,1,1,1,1,2021-06-16
437,11B10101,202106110600,202106170000,A01,109,2,WB04,WB09,¾øA½,"""흐리고","비""",21,26,1,1,1,2,2021-06-17
438,11B10101,202106110600,202106180000,A01,109,2,WB04,WB00,¾øA½,"""흐림""",40,20,27,1,1,3,1,2021-06-18
439,11B10101,202106110600,202106190000,A01,109,2,WB01,WB00,¾øA½,"""맑음""",10,19,28,1,1,1,2,2021-06-19
440,11B10101,202106110600,202106200000,A01,109,2,WB01,WB00,¾øA½,"""맑음""",10,19,28,2,2,1,2,2021-06-20
441,11B10101,202106200600,202106230000,A01,109,2,WB03,WB00,¾øA½,"""구름많음""",40,19,27,1,1,0,1,2021-06-23
442,11B10101,202106200600,202106240000,A01,109,2,WB03,WB00,¾øA½,"""구름많음""",30,19,28,1,0,1,1,2021-06-24
443,11B10101,202106200600,202106250000,A01,109,2,WB03,WB00,¾øA½,"""구름많음""",30,20,28,1,1,1,1,2021-06-25
444,11B10101,202106200600,202106260000,A01,109,2,WB03,WB00,¾øA½,"""구름많음""",30,21,29,1,1,1,1,2021-06-26
445,11B10101,202106200600,202106270000,A01,109,2,WB03,WB00,¾øA½,"""구름많음""",30,21,29,1,1,1,1,2021-06-27
446,11B10101,202106200600,202106280000,A01,109,2,WB03,WB00,¾øA½,"""구름많음""",30,21,29,1,1,2,1,2021-06-28
447,11B10101,202106200600,202106290000,A01,109,2,WB03,WB00,¾øA½,"""구름많음""",40,21,28,1,1,2,1,2021-06-29
448,11B10101,202106290600,202107020000,A01,109,2,WB03,WB00,¾øA½,"""구름많음""",20,22,31,0,0,1,1,2021-07-02
449,11B10101,202106290600,202107030000,A01,109,2,WB04,WB00,¾øA½,"""흐림""",40,21,30,1,1,2,1,2021-07-03
450,11B10101,202106290600,202107040000,A01,109,2,WB04,WB00,¾øA½,"""흐림""",40,21,29,1,1,1,2,2021-07-04
451,11B10101,202106290600,202107050000,A01,109,2,WB04,WB00,¾øA½,"""흐림""",40,22,29,1,1,1,1,2021-07-05
452,11B10101,202106290600,202107060000,A01,109,2,WB04,WB00,¾øA½,"""흐림""",40,22,29,1,1,1,2,2021-07-06
453,11B10101,202106290600,202107070000,A01,109,2,WB04,WB00,¾øA½,"""흐림""",40,22,29,1,1,2,2,2021-07-07
454,11B10101,202106290600,202107080000,A01,109,2,WB04,WB09,¾øA½,"""흐리고","비""",22,29,1,1,1,1,2021-07-08
455,11B10101,202107080600,202107110000,A01,109,2,WB04,WB00,¾øA½,"""흐림""",40,24,31,1,0,1,0,2021-07-11
456,11B10101,202107080600,202107120000,A01,109,2,WB04,WB00,¾øA½,"""흐림""",40,23,34,1,0,1,1,2021-07-12
457,11B10101,202107080600,202107130000,A01,109,2,WB03,WB00,¾øA½,"""구름많음""",30,25,34,1,1,1,1,2021-07-13
458,11B10101,202107080600,202107140000,A01,109,2,WB03,WB00,¾øA½,"""구름많음""",30,25,33,1,1,1,1,2021-07-14
459,11B10101,202107080600,202107150000,A01,109,2,WB03,WB00,¾øA½,"""구름많음""",30,25,33,1,1,1,1,2021-07-15
460,11B10101,202107080600,202107160000,A01,109,2,WB03,WB00,¾øA½,"""구름많음""",30,24,33,1,1,1,1,2021-07-16
461,11B10101,202107080600,202107170000,A01,109,2,WB03,WB00,¾øA½,"""구름많음""",30,24,32,1,1,1,1,2021-07-17
462,11B10101,202107170600,202107200000,A01,109,2,WB04,WB00,¾øA½,"""흐림""",40,25,34,0,1,2,1,2021-07-20
463,11B10101,202107170600,202107210000,A01,109,2,WB03,WB00,¾øA½,"""구름많음""",30,26,34,1,1,1,1,2021-07-21
464,11B10101,202107170600,202107220000,A01,109,2,WB03,WB00,¾øA½,"""구름많음""",20,25,34,1,1,1,1,2021-07-22
465,11B10101,202107170600,202107230000,A01,109,2,WB01,WB00,¾øA½,"""맑음""",10,25,34,1,1,1,1,2021-07-23
466,11B10101,202107170600,202107240000,A01,109,2,WB01,WB00,¾øA½,"""맑음""",10,25,33,1,1,1,1,2021-07-24
467,11B10101,202107170600,202107250000,A01,109,2,WB01,WB00,¾øA½,"""맑음""",20,24,33,1,1,1,1,2021-07-25
468,11B10101,202107170600,202107260000,A01,109,2,WB03,WB00,¾øA½,"""구름많음""",30,25,33,1,1,1,1,2021-07-26
469,11B10101,202107260600,202107290000,A01,109,2,WB01,WB00,¾øA½,"""맑음""",10,25,34,1,0,1,1,2021-07-29
470,11B10101,202107260600,202107300000,A01,109,2,WB03,WB00,¾øA½,"""구름많음""",30,26,34,0,1,1,1,2021-07-30
471,11B10101,202107260600,202107310000,A01,109,2,WB03,WB00,¾øA½,"""구름많음""",30,26,35,1,1,1,1,2021-07-31
