,date,dscamt,REG_ID,TM_FC,TM_EF,MOD,STN,C,SKY,PRE,CONF,WF,RN_ST,MIN,MAX,MIN_L,MIN_H,MAX_L,MAX_H
0,2019-12-01,484932719.0,,,,,,,,,,,,,,,,,
1,2019-12-02,493996168.0,,,,,,,,,,,,,,,,,
2,2019-12-03,427951370.0,,,,,,,,,,,,,,,,,
3,2019-12-04,396985758.0,11B10101,201912010600,201912040000,A01,109,2,WB01,WB00,¾øA½,"""맑음""",10,-3,5,3,3,3,2
4,2019-12-05,364589895.0,11B10101,201912010600,201912050000,A01,109,2,WB01,WB00,¾øA½,"""맑음""",10,-6,2,3,3,3,2
5,2019-12-06,360386531.0,11B10101,201912010600,201912060000,A01,109,2,WB01,WB00,¾øA½,"""맑음""",10,-7,2,3,3,3,2
6,2019-12-07,395314050.0,11B10101,201912010600,201912070000,A01,109,2,WB03,WB00,¾øA½,"""구름많음""",30,-5,4,3,3,3,2
7,2019-12-08,483384266.0,11B10101,201912010600,201912080000,A01,109,2,WB01,WB00,¾øA½,"""맑음""",10,-4,4,3,3,3,2
8,2019-12-09,463688700.0,11B10101,201912010600,201912090000,A01,109,2,WB01,WB00,¾øA½,"""맑음""",20,-3,5,3,3,3,3
9,2019-12-10,406536030.0,11B10101,201912010600,201912100000,A01,109,2,WB01,WB00,¾øA½,"""맑음""",20,-1,6,3,3,3,3
10,2019-12-11,383173810.0,,,,,,,,,,,,,,,,,
11,2019-12-12,370752685.0,,,,,,,,,,,,,,,,,
12,2019-12-13,366816066.0,11B10101,201912100600,201912130000,A01,109,2,WB01,WB00,¾øA½,"""맑음""",10,-2,7,2,2,2,2
13,2019-12-14,386275265.0,11B10101,201912100600,201912140000,A01,109,2,WB03,WB11,¾øA½,"""구름많고","비/눈""",1,6,3,2,3,2
14,2019-12-15,472814268.0,11B10101,201912100600,201912150000,A01,109,2,WB01,WB00,¾øA½,"""맑음""",10,-2,6,3,2,2,3
15,2019-12-16,456886683.0,11B10101,201912100600,201912160000,A01,109,2,WB03,WB00,¾øA½,"""구름많음""",30,2,7,3,2,2,2
16,2019-12-17,356458448.0,11B10101,201912100600,201912170000,A01,109,2,WB04,WB09,¾øA½,"""흐리고","비""",4,7,3,3,3,2
17,2019-12-18,347341587.0,11B10101,201912100600,201912180000,A01,109,2,WB01,WB00,¾øA½,"""맑음""",20,1,5,3,3,3,2
18,2019-12-19,373373665.0,11B10101,201912100600,201912190000,A01,109,2,WB01,WB00,¾øA½,"""맑음""",20,-3,3,1,3,2,2
19,2019-12-20,352512747.0,,,,,,,,,,,,,,,,,
20,2019-12-21,383467224.0,,,,,,,,,,,,,,,,,
21,2019-12-22,450133756.0,11B10101,201912190600,201912220000,A01,109,2,WB03,WB00,¾øA½,"""구름많음""",30,-1,7,2,2,2,2
22,2019-12-23,432556458.0,11B10101,201912190600,201912230000,A01,109,2,WB03,WB11,¾øA½,"""구름많고","비/눈""",0,6,2,2,2,2
23,2019-12-24,378107336.0,11B10101,201912190600,201912240000,A01,109,2,WB01,WB00,¾øA½,"""맑음""",10,-1,7,2,2,2,2
24,2019-12-25,388811048.0,11B10101,201912190600,201912250000,A01,109,2,WB03,WB00,¾øA½,"""구름많음""",30,1,7,3,3,3,3
25,2019-12-26,411689396.0,11B10101,201912190600,201912260000,A01,109,2,WB03,WB00,¾øA½,"""구름많음""",30,0,5,3,3,3,3
26,2019-12-27,361657639.0,11B10101,201912190600,201912270000,A01,109,2,WB01,WB00,¾øA½,"""맑음""",20,-3,4,2,5,3,2
27,2019-12-28,386459889.0,11B10101,201912190600,201912280000,A01,109,2,WB01,WB00,¾øA½,"""맑음""",20,-3,4,3,3,3,3
28,2019-12-29,438240115.0,,,,,,,,,,,,,,,,,
29,2019-12-30,436021928.0,,,,,,,,,,,,,,,,,
30,2019-12-31,390707739.0,11B10101,201912280600,201912310000,A01,109,2,WB01,WB00,¾øA½,"""맑음""",0,-10,-2,1,3,1,2
31,2020-01-01,348222237.0,11B10101,201912280600,202001010000,A01,109,2,WB03,WB00,¾øA½,"""구름많음""",30,-7,1,1,2,1,2
32,2020-01-02,375193766.0,11B10101,201912280600,202001020000,A01,109,2,WB03,WB00,¾øA½,"""구름많음""",30,-3,5,2,2,2,2
33,2020-01-03,323640074.0,11B10101,201912280600,202001030000,A01,109,2,WB01,WB00,¾øA½,"""맑음""",0,-4,4,2,4,2,2
34,2020-01-04,333024738.0,11B10101,201912280600,202001040000,A01,109,2,WB01,WB00,¾øA½,"""맑음""",0,-4,3,3,3,3,1
35,2020-01-05,391434077.0,11B10101,201912280600,202001050000,A01,109,2,WB01,WB00,¾øA½,"""맑음""",10,-5,4,2,3,1,2
36,2020-01-06,364887327.0,11B10101,201912280600,202001060000,A01,109,2,WB03,WB00,¾øA½,"""구름많음""",30,-4,4,2,3,2,2
37,2020-01-07,299778668.0,,,,,,,,,,,,,,,,,
38,2020-01-08,365421926.0,,,,,,,,,,,,,,,,,
39,2020-01-09,322672397.0,11B10101,202001060600,202001090000,A01,109,2,WB01,WB00,¾øA½,"""맑음""",0,-4,3,1,1,1,1
40,2020-01-10,313119048.0,11B10101,202001060600,202001100000,A01,109,2,WB04,WB00,¾øA½,"""흐림""",30,-4,4,2,1,1,1
41,2020-01-11,325355928.0,11B10101,202001060600,202001110000,A01,109,2,WB03,WB00,¾øA½,"""구름많음""",20,-2,5,1,1,1,1
42,2020-01-12,389972694.0,11B10101,202001060600,202001120000,A01,109,2,WB04,WB00,¾øA½,"""흐림""",30,-2,3,1,2,1,1
43,2020-01-13,371951238.0,11B10101,202001060600,202001130000,A01,109,2,WB01,WB00,¾øA½,"""맑음""",10,-4,3,1,1,1,2
44,2020-01-14,337060197.0,11B10101,202001060600,202001140000,A01,109,2,WB01,WB00,¾øA½,"""맑음""",20,-4,3,2,2,1,1
45,2020-01-15,314924479.0,11B10101,202001060600,202001150000,A01,109,2,WB01,WB00,¾øA½,"""맑음""",10,-5,3,3,2,1,2
46,2020-01-16,313698777.0,,,,,,,,,,,,,,,,,
47,2020-01-17,315648135.0,,,,,,,,,,,,,,,,,
48,2020-01-18,335051427.0,11B10101,202001150600,202001180000,A01,109,2,WB01,WB00,¾øA½,"""맑음""",0,-4,5,2,1,1,1
49,2020-01-19,404741698.0,11B10101,202001150600,202001190000,A01,109,2,WB04,WB00,¾øA½,"""흐림""",30,-2,4,2,1,1,2
50,2020-01-20,396473627.0,11B10101,202001150600,202001200000,A01,109,2,WB01,WB00,¾øA½,"""맑음""",10,-2,4,2,2,1,2
51,2020-01-21,373556658.0,11B10101,202001150600,202001210000,A01,109,2,WB03,WB00,¾øA½,"""구름많음""",20,-3,4,2,2,1,2
52,2020-01-22,386682696.0,11B10101,202001150600,202001220000,A01,109,2,WB04,WB00,¾øA½,"""흐림""",30,-3,5,2,2,2,2
53,2020-01-23,465719695.0,11B10101,202001150600,202001230000,A01,109,2,WB04,WB00,¾øA½,"""흐림""",30,-2,4,2,2,2,2
54,2020-01-24,505343638.0,11B10101,202001150600,202001240000,A01,109,2,WB04,WB00,¾øA½,"""흐림""",30,-3,2,2,2,2,2
55,2020-01-25,316299388.0,,,,,,,,,,,,,,,,,
56,2020-01-26,344878396.0,,,,,,,,,,,,,,,,,
57,2020-01-27,461775567.0,11B10101,202001240600,202001270000,A01,109,2,WB04,WB00,¾øA½,"""흐림""",40,3,7,1,2,2,2
58,2020-01-28,430463806.0,11B10101,202001240600,202001280000,A01,109,2,WB04,WB09,¾øA½,"""흐리고","비""",3,9,1,2,2,2
59,2020-01-29,362058224.0,11B10101,202001240600,202001290000,A01,109,2,WB04,WB00,¾øA½,"""흐림""",40,3,9,1,2,2,2
60,2020-01-30,354835548.0,11B10101,202001240600,202001300000,A01,109,2,WB04,WB00,¾øA½,"""흐림""",40,2,7,2,2,2,2
61,2020-01-31,337927487.0,11B10101,202001240600,202001310000,A01,109,2,WB03,WB00,¾øA½,"""구름많음""",30,1,6,2,2,2,2
62,2020-02-01,429461099.0,11B10101,202001240600,202002010000,A01,109,2,WB03,WB00,¾øA½,"""구름많음""",30,-1,5,2,2,2,2
63,2020-02-02,527034709.0,11B10101,202001240600,202002020000,A01,109,2,WB03,WB00,¾øA½,"""구름많음""",30,-2,4,2,2,2,2
64,2020-02-03,478431729.0,,,,,,,,,,,,,,,,,
65,2020-02-04,401785108.0,,,,,,,,,,,,,,,,,
66,2020-02-05,359178804.0,11B10101,202002020600,202002050000,A01,109,2,WB01,WB00,¾øA½,"""맑음""",0,-10,-3,2,1,2,2
67,2020-02-06,380987468.0,11B10101,202002020600,202002060000,A01,109,2,WB01,WB00,¾øA½,"""맑음""",0,-10,0,2,1,2,2
68,2020-02-07,392977896.0,11B10101,202002020600,202002070000,A01,109,2,WB03,WB00,¾øA½,"""구름많음""",30,-6,3,2,2,2,2
69,2020-02-08,437717447.0,11B10101,202002020600,202002080000,A01,109,2,WB01,WB00,¾øA½,"""맑음""",10,-3,5,2,2,2,2
70,2020-02-09,446041605.0,11B10101,202002020600,202002090000,A01,109,2,WB01,WB00,¾øA½,"""맑음""",20,-2,6,2,2,2,2
71,2020-02-10,463184867.0,11B10101,202002020600,202002100000,A01,109,2,WB01,WB00,¾øA½,"""맑음""",10,0,7,2,2,2,2
72,2020-02-11,408404808.0,11B10101,202002020600,202002110000,A01,109,2,WB01,WB00,¾øA½,"""맑음""",20,-1,8,2,3,2,2
73,2020-02-12,350307804.0,,,,,,,,,,,,,,,,,
74,2020-02-13,412026428.0,,,,,,,,,,,,,,,,,
75,2020-02-14,381794964.0,11B10101,202002110600,202002140000,A01,109,2,WB03,WB00,¾øA½,"""구름많음""",30,4,11,2,2,2,1
76,2020-02-15,400404520.0,11B10101,202002110600,202002150000,A01,109,2,WB03,WB00,¾øA½,"""구름많음""",20,3,10,2,1,4,2
77,2020-02-16,442399253.0,11B10101,202002110600,202002160000,A01,109,2,WB04,WB09,¾øA½,"""흐리고","비""",1,4,4,2,4,3
78,2020-02-17,418656469.0,11B10101,202002110600,202002170000,A01,109,2,WB01,WB00,¾øA½,"""맑음""",20,-4,3,4,2,2,3
79,2020-02-18,400966357.0,11B10101,202002110600,202002180000,A01,109,2,WB01,WB00,¾øA½,"""맑음""",10,-6,3,2,2,1,2
80,2020-02-19,386253756.0,11B10101,202002110600,202002190000,A01,109,2,WB01,WB00,¾øA½,"""맑음""",0,-5,5,2,1,1,2
81,2020-02-20,383552549.0,11B10101,202002110600,202002200000,A01,109,2,WB01,WB00,¾øA½,"""맑음""",0,-3,7,2,1,1,1
82,2020-02-21,366046189.0,,,,,,,,,,,,,,,,,
83,2020-02-22,408953334.0,,,,,,,,,,,,,,,,,
84,2020-02-23,515354604.0,11B10101,202002200600,202002230000,A01,109,2,WB01,WB00,¾øA½,"""맑음""",0,-3,8,0,1,0,1
85,2020-02-24,416321316.0,11B10101,202002200600,202002240000,A01,109,2,WB03,WB00,¾øA½,"""구름많음""",20,2,11,2,1,1,1
86,2020-02-25,406501475.0,11B10101,202002200600,202002250000,A01,109,2,WB04,WB09,¾øA½,"""흐리고","비""",4,12,2,3,1,1
87,2020-02-26,432852683.0,11B10101,202002200600,202002260000,A01,109,2,WB03,WB00,¾øA½,"""구름많음""",20,3,10,1,1,1,1
88,2020-02-27,415804737.0,11B10101,202002200600,202002270000,A01,109,2,WB01,WB00,¾øA½,"""맑음""",0,1,10,2,1,1,1
89,2020-02-28,364290825.0,11B10101,202002200600,202002280000,A01,109,2,WB04,WB09,¾øA½,"""흐리고","비""",2,8,1,2,1,2
90,2020-02-29,463052027.0,11B10101,202002200600,202002290000,A01,109,2,WB04,WB00,¾øA½,"""흐림""",40,2,9,1,2,2,2
91,2020-03-01,497354264.0,,,,,,,,,,,,,,,,,
92,2020-03-02,455547442.0,,,,,,,,,,,,,,,,,
93,2020-03-03,419949317.0,11B10101,202002290600,202003030000,A01,109,2,WB01,WB00,¾øA½,"""맑음""",0,0,11,1,1,1,1
94,2020-03-04,370529248.0,11B10101,202002290600,202003040000,A01,109,2,WB04,WB11,¾øA½,"""흐리고","비/눈""",1,5,1,1,1,1
95,2020-03-05,396034585.0,11B10101,202002290600,202003050000,A01,109,2,WB01,WB00,¾øA½,"""맑음""",0,-2,8,0,1,1,1
96,2020-03-06,382705351.0,11B10101,202002290600,202003060000,A01,109,2,WB03,WB00,¾øA½,"""구름많음""",20,-1,8,1,1,1,1
97,2020-03-07,412423367.0,11B10101,202002290600,202003070000,A01,109,2,WB03,WB00,¾øA½,"""구름많음""",20,0,11,1,2,1,1
98,2020-03-08,500313866.0,11B10101,202002290600,202003080000,A01,109,2,WB01,WB00,¾øA½,"""맑음""",20,3,14,2,1,1,2
99,2020-03-09,451867058.0,11B10101,202002290600,202003090000,A01,109,2,WB04,WB09,¾øA½,"""흐리고","비""",5,13,2,2,4,2
100,2020-03-10,368743027.0,,,,,,,,,,,,,,,,,
101,2020-03-11,414654446.0,,,,,,,,,,,,,,,,,
102,2020-03-12,383028618.0,11B10101,202003090600,202003120000,A01,109,2,WB01,WB00,¾øA½,"""맑음""",0,2,13,1,1,0,0
103,2020-03-13,371447367.0,11B10101,202003090600,202003130000,A01,109,2,WB04,WB09,¾øA½,"""흐리고","비""",2,6,2,2,1,2
104,2020-03-14,399625388.0,11B10101,202003090600,202003140000,A01,109,2,WB01,WB00,¾øA½,"""맑음""",10,-2,8,1,2,1,1
105,2020-03-15,396281425.0,11B10101,202003090600,202003150000,A01,109,2,WB01,WB00,¾øA½,"""맑음""",10,0,9,1,1,1,1
106,2020-03-16,453694787.0,11B10101,202003090600,202003160000,A01,109,2,WB01,WB00,¾øA½,"""맑음""",0,1,11,1,2,1,1
107,2020-03-17,400500629.0,11B10101,202003090600,202003170000,A01,109,2,WB01,WB00,¾øA½,"""맑음""",20,3,13,1,2,1,1
108,2020-03-18,404285743.0,11B10101,202003090600,202003180000,A01,109,2,WB01,WB00,¾øA½,"""맑음""",20,5,13,2,1,1,1
109,2020-03-19,364760475.0,,,,,,,,,,,,,,,,,
110,2020-03-20,401245277.0,,,,,,,,,,,,,,,,,
111,2020-03-21,410746322.0,11B10101,202003180600,202003210000,A01,109,2,WB01,WB00,¾øA½,"""맑음""",10,6,16,1,1,1,1
112,2020-03-22,487748541.0,11B10101,202003180600,202003220000,A01,109,2,WB01,WB00,¾øA½,"""맑음""",20,5,15,2,2,1,1
113,2020-03-23,453757000.0,11B10101,202003180600,202003230000,A01,109,2,WB01,WB00,¾øA½,"""맑음""",10,5,15,1,2,1,2
114,2020-03-24,407430665.0,11B10101,202003180600,202003240000,A01,109,2,WB01,WB00,¾øA½,"""맑음""",0,5,17,2,3,2,2
115,2020-03-25,398759596.0,11B10101,202003180600,202003250000,A01,109,2,WB03,WB00,¾øA½,"""구름많음""",30,7,17,3,3,2,2
116,2020-03-26,388213388.0,11B10101,202003180600,202003260000,A01,109,2,WB04,WB09,¾øA½,"""흐리고","비""",9,17,2,2,2,2
117,2020-03-27,385708428.0,11B10101,202003180600,202003270000,A01,109,2,WB03,WB00,¾øA½,"""구름많음""",30,9,16,3,2,3,3
118,2020-03-28,404017755.0,,,,,,,,,,,,,,,,,
119,2020-03-29,483661885.0,,,,,,,,,,,,,,,,,
120,2020-03-30,449727214.0,11B10101,202003270600,202003300000,A01,109,2,WB01,WB00,¾øA½,"""맑음""",0,5,17,3,1,1,1
121,2020-03-31,401987956.0,11B10101,202003270600,202003310000,A01,109,2,WB03,WB00,¾øA½,"""구름많음""",20,8,18,4,2,1,1
122,2020-04-01,381690843.0,11B10101,202003270600,202004010000,A01,109,2,WB03,WB00,¾øA½,"""구름많음""",30,8,18,2,2,1,1
123,2020-04-02,390235498.0,11B10101,202003270600,202004020000,A01,109,2,WB01,WB00,¾øA½,"""맑음""",20,6,15,1,1,2,2
124,2020-04-03,376387027.0,11B10101,202003270600,202004030000,A01,109,2,WB01,WB00,¾øA½,"""맑음""",10,6,16,2,2,1,1
125,2020-04-04,392373407.0,11B10101,202003270600,202004040000,A01,109,2,WB01,WB00,¾øA½,"""맑음""",10,6,16,3,1,1,1
126,2020-04-05,479412419.0,11B10101,202003270600,202004050000,A01,109,2,WB01,WB00,¾øA½,"""맑음""",10,7,16,3,2,2,1
127,2020-04-06,442498267.0,,,,,,,,,,,,,,,,,
128,2020-04-07,402605975.0,,,,,,,,,,,,,,,,,
129,2020-04-08,383271277.0,11B10101,202004050600,202004080000,A01,109,2,WB01,WB00,¾øA½,"""맑음""",0,4,14,1,1,1,2
130,2020-04-09,380934115.0,11B10101,202004050600,202004090000,A01,109,2,WB01,WB00,¾øA½,"""맑음""",0,5,16,1,1,1,1
131,2020-04-10,371727718.0,11B10101,202004050600,202004100000,A01,109,2,WB01,WB00,¾øA½,"""맑음""",10,6,17,2,1,1,1
132,2020-04-11,396112576.0,11B10101,202004050600,202004110000,A01,109,2,WB01,WB00,¾øA½,"""맑음""",10,7,17,1,1,1,1
133,2020-04-12,400194943.0,11B10101,202004050600,202004120000,A01,109,2,WB01,WB00,¾øA½,"""맑음""",20,7,17,3,1,2,1
134,2020-04-13,433063064.0,11B10101,202004050600,202004130000,A01,109,2,WB01,WB00,¾øA½,"""맑음""",20,7,17,2,2,1,1
135,2020-04-14,390865769.0,11B10101,202004050600,202004140000,A01,109,2,WB01,WB00,¾øA½,"""맑음""",0,9,19,2,3,2,1
136,2020-04-15,398945646.0,,,,,,,,,,,,,,,,,
137,2020-04-16,419498957.0,,,,,,,,,,,,,,,,,
138,2020-04-17,350376816.0,11B10101,202004140600,202004170000,A01,109,2,WB04,WB09,¾øA½,"""흐리고","비""",10,16,1,1,1,1
139,2020-04-18,421626074.0,11B10101,202004140600,202004180000,A01,109,2,WB01,WB00,¾øA½,"""맑음""",20,8,19,1,1,1,1
140,2020-04-19,420337464.0,11B10101,202004140600,202004190000,A01,109,2,WB03,WB00,¾øA½,"""구름많음""",30,9,18,1,1,2,2
141,2020-04-20,472733467.0,11B10101,202004140600,202004200000,A01,109,2,WB03,WB00,¾øA½,"""구름많음""",40,9,18,2,2,2,2
142,2020-04-21,389263059.0,11B10101,202004140600,202004210000,A01,109,2,WB01,WB00,¾øA½,"""맑음""",20,8,16,2,2,3,2
143,2020-04-22,375171108.0,11B10101,202004140600,202004220000,A01,109,2,WB01,WB00,¾øA½,"""맑음""",20,8,16,3,2,2,2
144,2020-04-23,382472979.0,11B10101,202004140600,202004230000,A01,109,2,WB01,WB00,¾øA½,"""맑음""",10,7,16,2,2,2,2
145,2020-04-24,373075707.0,,,,,,,,,,,,,,,,,
146,2020-04-25,397941157.0,,,,,,,,,,,,,,,,,
147,2020-04-26,478295543.0,11B10101,202004230600,202004260000,A01,109,2,WB01,WB00,¾øA½,"""맑음""",0,7,18,1,1,1,1
148,2020-04-27,449579139.0,11B10101,202004230600,202004270000,A01,109,2,WB01,WB00,¾øA½,"""맑음""",10,7,17,1,1,1,1
149,2020-04-28,401041696.0,11B10101,202004230600,202004280000,A01,109,2,WB01,WB00,¾øA½,"""맑음""",0,8,19,2,1,1,1
150,2020-04-29,395589483.0,11B10101,202004230600,202004290000,A01,109,2,WB01,WB00,¾øA½,"""맑음""",0,9,20,2,1,1,1
151,2020-04-30,391772042.0,11B10101,202004230600,202004300000,A01,109,2,WB01,WB00,¾øA½,"""맑음""",20,10,21,2,1,1,1
152,2020-05-01,396479098.0,11B10101,202004230600,202005010000,A01,109,2,WB01,WB00,¾øA½,"""맑음""",20,12,24,1,1,2,2
153,2020-05-02,459429702.0,11B10101,202004230600,202005020000,A01,109,2,WB03,WB00,¾øA½,"""구름많음""",30,13,24,2,1,1,2
154,2020-05-03,472245768.0,,,,,,,,,,,,,,,,,
155,2020-05-04,465219705.0,,,,,,,,,,,,,,,,,
156,2020-05-05,436628291.0,11B10101,202005020600,202005050000,A01,109,2,WB03,WB00,¾øA½,"""구름많음""",30,13,25,1,1,2,1
157,2020-05-06,465230083.0,11B10101,202005020600,202005060000,A01,109,2,WB01,WB00,¾øA½,"""맑음""",0,13,27,1,1,2,2
158,2020-05-07,416423347.0,11B10101,202005020600,202005070000,A01,109,2,WB01,WB00,¾øA½,"""맑음""",0,14,27,2,1,2,2
159,2020-05-08,389368358.0,11B10101,202005020600,202005080000,A01,109,2,WB03,WB00,¾øA½,"""구름많음""",30,14,25,1,2,3,3
160,2020-05-09,381701539.0,11B10101,202005020600,202005090000,A01,109,2,WB04,WB00,¾øA½,"""흐림""",40,15,23,2,2,2,1
161,2020-05-10,544924360.0,11B10101,202005020600,202005100000,A01,109,2,WB03,WB00,¾øA½,"""구름많음""",30,13,24,1,2,2,2
162,2020-05-11,497454136.0,11B10101,202005020600,202005110000,A01,109,2,WB01,WB00,¾øA½,"""맑음""",20,13,24,2,2,2,2
163,2020-05-12,431052038.0,,,,,,,,,,,,,,,,,
164,2020-05-13,418186594.0,,,,,,,,,,,,,,,,,
165,2020-05-14,414822112.0,11B10101,202005110600,202005140000,A01,109,2,WB03,WB00,¾øA½,"""구름많음""",30,12,25,3,2,1,1
166,2020-05-15,354875736.0,11B10101,202005110600,202005150000,A01,109,2,WB04,WB09,¾øA½,"""흐리고","비""",15,24,2,2,2,2
167,2020-05-16,468539738.0,11B10101,202005110600,202005160000,A01,109,2,WB04,WB00,¾øA½,"""흐림""",40,15,23,2,2,2,2
168,2020-05-17,555143084.0,11B10101,202005110600,202005170000,A01,109,2,WB04,WB00,¾øA½,"""흐림""",40,15,25,2,2,2,2
169,2020-05-18,448763432.0,11B10101,202005110600,202005180000,A01,109,2,WB01,WB00,¾øA½,"""맑음""",20,14,23,2,2,2,2
170,2020-05-19,457245127.0,11B10101,202005110600,202005190000,A01,109,2,WB03,WB00,¾øA½,"""구름많음""",30,15,24,3,2,2,2
171,2020-05-20,432692606.0,11B10101,202005110600,202005200000,A01,109,2,WB01,WB00,¾øA½,"""맑음""",20,14,23,2,2,2,2
172,2020-05-21,415997604.0,,,,,,,,,,,,,,,,,
173,2020-05-22,414684839.0,,,,,,,,,,,,,,,,,
174,2020-05-23,457254626.0,11B10101,202005200600,202005230000,A01,109,2,WB03,WB00,¾øA½,"""구름많음""",20,15,23,1,1,1,2
175,2020-05-24,528492979.0,11B10101,202005200600,202005240000,A01,109,2,WB04,WB09,¾øA½,"""흐리고","비""",15,22,1,1,1,2
176,2020-05-25,505499687.0,11B10101,202005200600,202005250000,A01,109,2,WB03,WB00,¾øA½,"""구름많음""",30,15,23,1,1,2,1
177,2020-05-26,421979856.0,11B10101,202005200600,202005260000,A01,109,2,WB01,WB00,¾øA½,"""맑음""",10,15,24,1,1,1,1
178,2020-05-27,440227915.0,11B10101,202005200600,202005270000,A01,109,2,WB01,WB00,¾øA½,"""맑음""",10,15,25,2,2,2,2
179,2020-05-28,425453107.0,11B10101,202005200600,202005280000,A01,109,2,WB01,WB00,¾øA½,"""맑음""",10,15,25,2,2,2,2
180,2020-05-29,431839736.0,11B10101,202005200600,202005290000,A01,109,2,WB01,WB00,¾øA½,"""맑음""",20,16,25,2,2,2,2
181,2020-05-30,475735880.0,,,,,,,,,,,,,,,,,
182,2020-05-31,562354033.0,,,,,,,,,,,,,,,,,
183,2020-06-01,,11B10101,202005290600,202006010000,A01,109,2,WB04,WB00,¾øA½,"""흐림""",40,17,26,1,1,2,1
184,2020-06-02,,11B10101,202005290600,202006020000,A01,109,2,WB03,WB00,¾øA½,"""구름많음""",30,17,24,1,1,2,1
185,2020-06-03,,11B10101,202005290600,202006030000,A01,109,2,WB04,WB00,¾øA½,"""흐림""",40,18,27,1,1,1,2
186,2020-06-04,,11B10101,202005290600,202006040000,A01,109,2,WB01,WB00,¾øA½,"""맑음""",20,17,26,1,1,1,2
187,2020-06-05,,11B10101,202005290600,202006050000,A01,109,2,WB03,WB00,¾øA½,"""구름많음""",20,17,27,1,2,2,2
188,2020-06-06,,11B10101,202005290600,202006060000,A01,109,2,WB01,WB00,¾øA½,"""맑음""",20,18,28,2,2,1,2
189,2020-06-07,,11B10101,202005290600,202006070000,A01,109,2,WB01,WB00,¾øA½,"""맑음""",20,18,27,1,2,2,1
190,2020-06-10,,11B10101,202006070600,202006100000,A01,109,2,WB03,WB00,¾øA½,"""구름많음""",30,20,31,2,1,1,2
191,2020-06-11,,11B10101,202006070600,202006110000,A01,109,2,WB01,WB00,¾øA½,"""맑음""",20,21,30,1,1,3,1
192,2020-06-12,,11B10101,202006070600,202006120000,A01,109,2,WB03,WB00,¾øA½,"""구름많음""",30,20,29,1,1,2,2
193,2020-06-13,,11B10101,202006070600,202006130000,A01,109,2,WB03,WB00,¾øA½,"""구름많음""",30,19,29,1,2,2,1
194,2020-06-14,,11B10101,202006070600,202006140000,A01,109,2,WB03,WB00,¾øA½,"""구름많음""",30,19,29,1,1,2,1
195,2020-06-15,,11B10101,202006070600,202006150000,A01,109,2,WB03,WB00,¾øA½,"""구름많음""",30,19,28,1,1,2,2
196,2020-06-16,,11B10101,202006070600,202006160000,A01,109,2,WB03,WB00,¾øA½,"""구름많음""",30,19,28,2,2,2,2
197,2020-06-19,,11B10101,202006160600,202006190000,A01,109,2,WB03,WB00,¾øA½,"""구름많음""",20,20,32,1,1,2,1
198,2020-06-20,,11B10101,202006160600,202006200000,A01,109,2,WB01,WB00,¾øA½,"""맑음""",0,20,31,1,1,1,2
199,2020-06-21,,11B10101,202006160600,202006210000,A01,109,2,WB01,WB00,¾øA½,"""맑음""",0,21,31,1,1,2,1
200,2020-06-22,,11B10101,202006160600,202006220000,A01,109,2,WB01,WB00,¾øA½,"""맑음""",0,21,32,1,0,2,3
201,2020-06-23,,11B10101,202006160600,202006230000,A01,109,2,WB03,WB00,¾øA½,"""구름많음""",30,21,32,1,1,1,3
202,2020-06-24,,11B10101,202006160600,202006240000,A01,109,2,WB04,WB00,¾øA½,"""흐림""",40,21,31,1,1,2,2
203,2020-06-25,,11B10101,202006160600,202006250000,A01,109,2,WB04,WB09,¾øA½,"""흐리고","비""",21,29,1,1,3,3
204,2020-06-28,,11B10101,202006250600,202006280000,A01,109,2,WB03,WB00,¾øA½,"""구름많음""",20,22,30,1,1,2,2
205,2020-06-29,,11B10101,202006250600,202006290000,A01,109,2,WB03,WB00,¾øA½,"""구름많음""",30,22,29,1,2,3,1
206,2020-06-30,,11B10101,202006250600,202006300000,A01,109,2,WB01,WB00,¾øA½,"""맑음""",20,22,30,1,1,2,1
207,2020-07-01,477491539.0,11B10101,202006250600,202007010000,A01,109,2,WB01,WB00,¾øA½,"""맑음""",20,21,29,2,1,1,1
208,2020-07-02,460808163.0,11B10101,202006250600,202007020000,A01,109,2,WB03,WB00,¾øA½,"""구름많음""",30,21,29,2,1,1,1
209,2020-07-03,458795872.0,11B10101,202006250600,202007030000,A01,109,2,WB04,WB00,¾øA½,"""흐림""",40,22,29,1,1,1,1
210,2020-07-04,489716765.0,11B10101,202006250600,202007040000,A01,109,2,WB04,WB09,¾øA½,"""흐리고","비""",22,28,1,1,2,2
211,2020-07-05,588588577.0,,,,,,,,,,,,,,,,,
212,2020-07-06,537433209.0,,,,,,,,,,,,,,,,,
213,2020-07-07,478781299.0,11B10101,202007040600,202007070000,A01,109,2,WB03,WB00,¾øA½,"""구름많음""",20,22,29,1,1,1,1
214,2020-07-08,469760561.0,11B10101,202007040600,202007080000,A01,109,2,WB03,WB00,¾øA½,"""구름많음""",30,22,29,1,1,2,1
215,2020-07-09,463524493.0,11B10101,202007040600,202007090000,A01,109,2,WB03,WB00,¾øA½,"""구름많음""",30,22,30,1,1,2,1
216,2020-07-10,446150859.0,11B10101,202007040600,202007100000,A01,109,2,WB03,WB00,¾øA½,"""구름많음""",30,23,29,1,1,2,1
217,2020-07-11,506647398.0,11B10101,202007040600,202007110000,A01,109,2,WB04,WB09,¾øA½,"""흐리고","비""",23,27,1,1,1,2
218,2020-07-12,546919533.0,11B10101,202007040600,202007120000,A01,109,2,WB04,WB09,¾øA½,"""흐리고","비""",23,27,2,1,1,2
219,2020-07-13,465984776.0,11B10101,202007040600,202007130000,A01,109,2,WB04,WB09,¾øA½,"""흐리고","비""",23,27,1,1,1,2
220,2020-07-14,529361805.0,,,,,,,,,,,,,,,,,
221,2020-07-15,476697855.0,,,,,,,,,,,,,,,,,
222,2020-07-16,480507736.0,11B10101,202007130600,202007160000,A01,109,2,WB01,WB00,¾øA½,"""맑음""",0,21,29,2,2,1,1
223,2020-07-17,480057983.0,11B10101,202007130600,202007170000,A01,109,2,WB01,WB00,¾øA½,"""맑음""",0,21,30,2,1,1,1
224,2020-07-18,525015375.0,11B10101,202007130600,202007180000,A01,109,2,WB01,WB00,¾øA½,"""맑음""",10,22,30,2,1,1,1
225,2020-07-19,588071060.0,11B10101,202007130600,202007190000,A01,109,2,WB04,WB00,¾øA½,"""흐림""",40,22,28,1,1,2,1
226,2020-07-20,556202813.0,11B10101,202007130600,202007200000,A01,109,2,WB04,WB09,¾øA½,"""흐리고","비""",23,28,1,1,1,2
227,2020-07-21,506686096.0,11B10101,202007130600,202007210000,A01,109,2,WB04,WB09,¾øA½,"""흐리고","비""",23,27,1,1,1,1
228,2020-07-22,454273249.0,11B10101,202007130600,202007220000,A01,109,2,WB04,WB09,¾øA½,"""흐리고","비""",23,28,1,1,1,1
229,2020-07-23,361154111.0,,,,,,,,,,,,,,,,,
230,2020-07-24,548848238.0,,,,,,,,,,,,,,,,,
231,2020-07-25,527337410.0,11B10101,202007220600,202007250000,A01,109,2,WB03,WB09,¾øA½,"""구름많고","비""",22,29,1,1,1,1
232,2020-07-26,606772016.0,11B10101,202007220600,202007260000,A01,109,2,WB03,WB09,¾øA½,"""구름많고","비""",21,29,1,1,2,1
233,2020-07-27,539706213.0,11B10101,202007220600,202007270000,A01,109,2,WB04,WB00,¾øA½,"""흐림""",40,22,29,1,1,1,1
234,2020-07-28,499412934.0,11B10101,202007220600,202007280000,A01,109,2,WB04,WB09,¾øA½,"""흐리고","비""",22,28,1,1,2,1
235,2020-07-29,442360938.0,11B10101,202007220600,202007290000,A01,109,2,WB04,WB09,¾øA½,"""흐리고","비""",23,29,1,1,1,1
236,2020-07-30,492962763.0,11B10101,202007220600,202007300000,A01,109,2,WB04,WB09,¾øA½,"""흐리고","비""",23,30,1,1,1,1
237,2020-07-31,470823845.0,11B10101,202007220600,202007310000,A01,109,2,WB04,WB00,¾øA½,"""흐림""",40,23,29,1,1,1,1
238,2020-08-01,477452785.0,,,,,,,,,,,,,,,,,
239,2020-08-02,530325492.0,,,,,,,,,,,,,,,,,
240,2020-08-03,528416603.0,11B10101,202007310600,202008030000,A01,109,2,WB04,WB09,¾øA½,"""흐리고","비""",23,28,1,1,1,1
241,2020-08-04,529545727.0,11B10101,202007310600,202008040000,A01,109,2,WB04,WB09,¾øA½,"""흐리고","비""",24,29,1,1,1,1
242,2020-08-05,464622405.0,11B10101,202007310600,202008050000,A01,109,2,WB04,WB09,¾øA½,"""흐리고","비""",24,29,1,1,1,2
243,2020-08-06,473731097.0,11B10101,202007310600,202008060000,A01,109,2,WB04,WB09,¾øA½,"""흐리고","비""",24,29,1,1,2,1
244,2020-08-07,464886487.0,11B10101,202007310600,202008070000,A01,109,2,WB04,WB09,¾øA½,"""흐리고","비""",24,28,1,1,1,2
245,2020-08-08,453782799.0,11B10101,202007310600,202008080000,A01,109,2,WB04,WB09,¾øA½,"""흐리고","비""",23,29,1,1,1,1
246,2020-08-09,546533832.0,11B10101,202007310600,202008090000,A01,109,2,WB04,WB09,¾øA½,"""흐리고","비""",24,29,1,1,1,1
247,2020-08-10,520053483.0,,,,,,,,,,,,,,,,,
248,2020-08-11,488372330.0,,,,,,,,,,,,,,,,,
249,2020-08-12,459010616.0,11B10101,202008090600,202008120000,A01,109,2,WB04,WB09,¾øA½,"""흐리고","비""",24,30,1,1,1,1
250,2020-08-13,447337237.0,11B10101,202008090600,202008130000,A01,109,2,WB04,WB09,¾øA½,"""흐리고","비""",25,30,1,1,1,1
251,2020-08-14,447797343.0,11B10101,202008090600,202008140000,A01,109,2,WB04,WB09,¾øA½,"""흐리고","비""",24,29,1,1,1,1
252,2020-08-15,448978016.0,11B10101,202008090600,202008150000,A01,109,2,WB04,WB00,¾øA½,"""흐림""",40,24,29,1,1,1,1
253,2020-08-16,513166064.0,11B10101,202008090600,202008160000,A01,109,2,WB04,WB00,¾øA½,"""흐림""",40,24,30,1,1,1,1
254,2020-08-17,529077189.0,11B10101,202008090600,202008170000,A01,109,2,WB04,WB00,¾øA½,"""흐림""",40,24,30,1,1,1,1
255,2020-08-18,538867688.0,11B10101,202008090600,202008180000,A01,109,2,WB03,WB00,¾øA½,"""구름많음""",40,24,30,1,1,1,1
256,2020-08-19,475036039.0,,,,,,,,,,,,,,,,,
257,2020-08-20,457768508.0,,,,,,,,,,,,,,,,,
258,2020-08-21,435092047.0,11B10101,202008180600,202008210000,A01,109,2,WB03,WB00,¾øA½,"""구름많음""",30,24,32,1,1,1,2
259,2020-08-22,440916634.0,11B10101,202008180600,202008220000,A01,109,2,WB04,WB00,¾øA½,"""흐림""",40,24,32,1,1,1,1
260,2020-08-23,604098874.0,11B10101,202008180600,202008230000,A01,109,2,WB03,WB00,¾øA½,"""구름많음""",30,23,31,1,1,1,1
261,2020-08-24,511854492.0,11B10101,202008180600,202008240000,A01,109,2,WB04,WB00,¾øA½,"""흐림""",40,24,30,1,1,1,1
262,2020-08-25,458815714.0,11B10101,202008180600,202008250000,A01,109,2,WB04,WB09,¾øA½,"""흐리고","비""",24,31,1,1,1,1
263,2020-08-26,450800231.0,11B10101,202008180600,202008260000,A01,109,2,WB04,WB00,¾øA½,"""흐림""",40,24,31,1,1,1,2
264,2020-08-27,408038359.0,11B10101,202008180600,202008270000,A01,109,2,WB04,WB00,¾øA½,"""흐림""",40,24,32,1,1,2,1
265,2020-08-28,428150119.0,,,,,,,,,,,,,,,,,
266,2020-08-29,428298403.0,,,,,,,,,,,,,,,,,
267,2020-08-30,567322179.0,11B10101,202008270600,202008300000,A01,109,2,WB03,WB09,¾øA½,"""구름많고","비""",25,32,1,1,1,1
268,2020-08-31,510405851.0,11B10101,202008270600,202008310000,A01,109,2,WB03,WB00,¾øA½,"""구름많음""",40,24,33,1,1,1,1
269,2020-09-01,456239247.0,11B10101,202008270600,202009010000,A01,109,2,WB03,WB00,¾øA½,"""구름많음""",40,24,31,1,1,1,1
270,2020-09-02,386041349.0,11B10101,202008270600,202009020000,A01,109,2,WB04,WB09,¾øA½,"""흐리고","비""",24,30,1,1,2,1
271,2020-09-03,462561792.0,11B10101,202008270600,202009030000,A01,109,2,WB04,WB09,¾øA½,"""흐리고","비""",22,29,1,1,1,2
272,2020-09-04,433631589.0,11B10101,202008270600,202009040000,A01,109,2,WB04,WB00,¾øA½,"""흐림""",40,22,29,2,2,1,1
273,2020-09-05,451324742.0,11B10101,202008270600,202009050000,A01,109,2,WB04,WB00,¾øA½,"""흐림""",40,22,29,2,2,1,1
274,2020-09-06,503561335.0,,,,,,,,,,,,,,,,,
275,2020-09-07,400220056.0,,,,,,,,,,,,,,,,,
276,2020-09-08,506077117.0,11B10101,202009050600,202009080000,A01,109,2,WB04,WB09,¾øA½,"""흐리고","비""",21,25,1,1,2,1
277,2020-09-09,412460829.0,11B10101,202009050600,202009090000,A01,109,2,WB03,WB00,¾øA½,"""구름많음""",40,20,26,1,1,1,1
278,2020-09-10,427021945.0,11B10101,202009050600,202009100000,A01,109,2,WB03,WB09,¾øA½,"""구름많고","비""",20,27,1,1,1,1
279,2020-09-11,391678834.0,11B10101,202009050600,202009110000,A01,109,2,WB01,WB00,¾øA½,"""맑음""",20,20,27,1,1,1,1
280,2020-09-12,414769053.0,11B10101,202009050600,202009120000,A01,109,2,WB01,WB00,¾øA½,"""맑음""",20,20,27,2,2,1,1
281,2020-09-13,529067089.0,11B10101,202009050600,202009130000,A01,109,2,WB03,WB00,¾øA½,"""구름많음""",20,20,27,2,2,1,1
282,2020-09-14,470365183.0,11B10101,202009050600,202009140000,A01,109,2,WB03,WB00,¾øA½,"""구름많음""",30,19,27,2,2,1,1
283,2020-09-15,424575973.0,,,,,,,,,,,,,,,,,
284,2020-09-16,401341992.0,,,,,,,,,,,,,,,,,
285,2020-09-17,410350828.0,11B10101,202009140600,202009170000,A01,109,2,WB04,WB09,¾øA½,"""흐리고","비""",19,25,1,1,1,1
286,2020-09-18,397986848.0,11B10101,202009140600,202009180000,A01,109,2,WB01,WB00,¾øA½,"""맑음""",0,17,25,1,1,1,1
287,2020-09-19,430394459.0,11B10101,202009140600,202009190000,A01,109,2,WB01,WB00,¾øA½,"""맑음""",10,17,25,1,2,1,1
288,2020-09-20,512453074.0,11B10101,202009140600,202009200000,A01,109,2,WB01,WB00,¾øA½,"""맑음""",10,16,25,2,1,1,1
289,2020-09-21,461763042.0,11B10101,202009140600,202009210000,A01,109,2,WB01,WB00,¾øA½,"""맑음""",0,16,25,2,2,2,1
290,2020-09-22,421128947.0,11B10101,202009140600,202009220000,A01,109,2,WB03,WB00,¾øA½,"""구름많음""",30,15,25,2,2,1,2
291,2020-09-23,408628152.0,11B10101,202009140600,202009230000,A01,109,2,WB03,WB00,¾øA½,"""구름많음""",30,15,25,1,2,1,2
292,2020-09-24,411693998.0,,,,,,,,,,,,,,,,,
293,2020-09-25,410105734.0,,,,,,,,,,,,,,,,,
294,2020-09-26,457879036.0,11B10101,202009230600,202009260000,A01,109,2,WB03,WB00,¾øA½,"""구름많음""",20,16,25,1,1,1,0
295,2020-09-27,552806954.0,11B10101,202009230600,202009270000,A01,109,2,WB01,WB00,¾øA½,"""맑음""",0,15,25,2,1,1,1
296,2020-09-28,511124477.0,11B10101,202009230600,202009280000,A01,109,2,WB01,WB00,¾øA½,"""맑음""",0,15,24,1,1,1,1
297,2020-09-29,541350150.0,11B10101,202009230600,202009290000,A01,109,2,WB03,WB00,¾øA½,"""구름많음""",30,16,24,1,1,1,1
298,2020-09-30,579475777.0,11B10101,202009230600,202009300000,A01,109,2,WB03,WB00,¾øA½,"""구름많음""",30,15,23,1,1,1,1
299,2020-10-01,462390755.0,11B10101,202009230600,202010010000,A01,109,2,WB03,WB00,¾øA½,"""구름많음""",20,14,22,2,1,2,1
300,2020-10-02,481747532.0,11B10101,202009230600,202010020000,A01,109,2,WB01,WB00,¾øA½,"""맑음""",20,13,21,3,3,2,2
301,2020-10-03,427545660.0,,,,,,,,,,,,,,,,,
302,2020-10-04,533244540.0,,,,,,,,,,,,,,,,,
303,2020-10-05,503726825.0,11B10101,202010020600,202010050000,A01,109,2,WB01,WB00,¾øA½,"""맑음""",0,10,18,1,1,1,1
304,2020-10-06,433548889.0,11B10101,202010020600,202010060000,A01,109,2,WB01,WB00,¾øA½,"""맑음""",0,9,19,1,1,1,1
305,2020-10-07,414382725.0,11B10101,202010020600,202010070000,A01,109,2,WB03,WB00,¾øA½,"""구름많음""",30,10,21,2,2,1,2
306,2020-10-08,406820496.0,11B10101,202010020600,202010080000,A01,109,2,WB01,WB00,¾øA½,"""맑음""",0,11,22,1,1,1,1
307,2020-10-09,405157779.0,11B10101,202010020600,202010090000,A01,109,2,WB03,WB00,¾øA½,"""구름많음""",20,11,22,1,1,1,1
308,2020-10-10,470945972.0,11B10101,202010020600,202010100000,A01,109,2,WB01,WB00,¾øA½,"""맑음""",20,13,23,2,2,2,2
309,2020-10-11,530031641.0,11B10101,202010020600,202010110000,A01,109,2,WB03,WB00,¾øA½,"""구름많음""",30,13,23,2,2,2,2
310,2020-10-12,476223773.0,,,,,,,,,,,,,,,,,
311,2020-10-13,421104361.0,,,,,,,,,,,,,,,,,
312,2020-10-14,396359276.0,11B10101,202010110600,202010140000,A01,109,2,WB03,WB00,¾øA½,"""구름많음""",30,10,18,1,1,2,1
313,2020-10-15,402126664.0,11B10101,202010110600,202010150000,A01,109,2,WB03,WB00,¾øA½,"""구름많음""",30,9,19,3,3,2,2
314,2020-10-16,389773020.0,11B10101,202010110600,202010160000,A01,109,2,WB03,WB00,¾øA½,"""구름많음""",30,10,19,2,2,1,1
315,2020-10-17,428025415.0,11B10101,202010110600,202010170000,A01,109,2,WB01,WB00,¾øA½,"""맑음""",10,9,19,1,2,1,1
316,2020-10-18,523708967.0,11B10101,202010110600,202010180000,A01,109,2,WB01,WB00,¾øA½,"""맑음""",0,10,20,2,2,1,1
317,2020-10-19,474503766.0,11B10101,202010110600,202010190000,A01,109,2,WB01,WB00,¾øA½,"""맑음""",10,10,20,2,1,1,1
318,2020-10-20,422982903.0,11B10101,202010110600,202010200000,A01,109,2,WB01,WB00,¾øA½,"""맑음""",10,10,20,2,2,2,2
319,2020-10-21,401945448.0,,,,,,,,,,,,,,,,,
320,2020-10-22,402667154.0,,,,,,,,,,,,,,,,,
321,2020-10-23,385554582.0,11B10101,202010200600,202010230000,A01,109,2,WB01,WB00,¾øA½,"""맑음""",0,5,14,1,1,0,1
322,2020-10-24,415167627.0,11B10101,202010200600,202010240000,A01,109,2,WB01,WB00,¾øA½,"""맑음""",0,4,15,0,0,1,1
323,2020-10-25,522572321.0,11B10101,202010200600,202010250000,A01,109,2,WB03,WB00,¾øA½,"""구름많음""",20,7,18,1,1,1,1
324,2020-10-26,485221260.0,11B10101,202010200600,202010260000,A01,109,2,WB01,WB00,¾øA½,"""맑음""",0,9,19,1,2,1,0
325,2020-10-27,424267655.0,11B10101,202010200600,202010270000,A01,109,2,WB03,WB00,¾øA½,"""구름많음""",20,9,19,1,1,1,1
326,2020-10-28,409625170.0,11B10101,202010200600,202010280000,A01,109,2,WB01,WB00,¾øA½,"""맑음""",10,10,18,2,1,1,2
327,2020-10-29,408270136.0,11B10101,202010200600,202010290000,A01,109,2,WB01,WB00,¾øA½,"""맑음""",10,9,17,2,2,2,2
328,2020-10-30,399117046.0,,,,,,,,,,,,,,,,,
329,2020-10-31,430165283.0,,,,,,,,,,,,,,,,,
330,2020-11-01,,11B10101,202010290600,202011010000,A01,109,2,WB04,WB09,¾øA½,"""흐리고","비""",10,15,0,1,1,1
331,2020-11-02,,11B10101,202010290600,202011020000,A01,109,2,WB03,WB00,¾øA½,"""구름많음""",40,7,14,2,2,1,1
332,2020-11-03,,11B10101,202010290600,202011030000,A01,109,2,WB01,WB00,¾øA½,"""맑음""",20,2,11,1,1,1,1
333,2020-11-04,,11B10101,202010290600,202011040000,A01,109,2,WB01,WB00,¾øA½,"""맑음""",0,1,13,0,1,2,1
334,2020-11-05,,11B10101,202010290600,202011050000,A01,109,2,WB01,WB00,¾øA½,"""맑음""",10,4,15,1,3,2,2
335,2020-11-06,,11B10101,202010290600,202011060000,A01,109,2,WB04,WB00,¾øA½,"""흐림""",40,6,15,2,1,2,2
336,2020-11-07,,11B10101,202010290600,202011070000,A01,109,2,WB01,WB00,¾øA½,"""맑음""",20,7,16,2,1,2,1
337,2020-11-10,,11B10101,202011070600,202011100000,A01,109,2,WB01,WB00,¾øA½,"""맑음""",0,2,12,1,1,1,1
338,2020-11-11,,11B10101,202011070600,202011110000,A01,109,2,WB01,WB00,¾øA½,"""맑음""",0,3,15,1,3,1,1
339,2020-11-12,,11B10101,202011070600,202011120000,A01,109,2,WB01,WB00,¾øA½,"""맑음""",0,6,15,3,2,1,1
340,2020-11-13,,11B10101,202011070600,202011130000,A01,109,2,WB03,WB00,¾øA½,"""구름많음""",20,7,15,2,1,1,1
341,2020-11-14,,11B10101,202011070600,202011140000,A01,109,2,WB01,WB00,¾øA½,"""맑음""",0,7,15,2,2,1,1
342,2020-11-15,,11B10101,202011070600,202011150000,A01,109,2,WB01,WB00,¾øA½,"""맑음""",0,6,14,1,1,1,2
343,2020-11-16,,11B10101,202011070600,202011160000,A01,109,2,WB01,WB00,¾øA½,"""맑음""",10,6,14,1,2,2,2
344,2020-11-19,,11B10101,202011160600,202011190000,A01,109,2,WB04,WB09,¾øA½,"""흐리고","비""",15,17,2,2,0,1
345,2020-11-20,,11B10101,202011160600,202011200000,A01,109,2,WB03,WB00,¾øA½,"""구름많음""",30,8,10,2,2,2,2
346,2020-11-21,,11B10101,202011160600,202011210000,A01,109,2,WB01,WB00,¾øA½,"""맑음""",0,3,12,2,3,2,2
347,2020-11-22,,11B10101,202011160600,202011220000,A01,109,2,WB03,WB00,¾øA½,"""구름많음""",30,4,11,3,3,3,2
348,2020-11-23,,11B10101,202011160600,202011230000,A01,109,2,WB03,WB00,¾øA½,"""구름많음""",30,1,10,2,3,3,2
349,2020-11-24,,11B10101,202011160600,202011240000,A01,109,2,WB01,WB00,¾øA½,"""맑음""",20,2,9,3,2,2,2
350,2020-11-25,,11B10101,202011160600,202011250000,A01,109,2,WB01,WB00,¾øA½,"""맑음""",10,2,8,2,3,2,2
351,2020-11-28,,11B10101,202011250600,202011280000,A01,109,2,WB01,WB00,¾øA½,"""맑음""",0,-4,3,0,0,1,0
352,2020-11-29,,11B10101,202011250600,202011290000,A01,109,2,WB01,WB00,¾øA½,"""맑음""",0,-3,4,1,1,1,1
353,2020-11-30,,11B10101,202011250600,202011300000,A01,109,2,WB01,WB00,¾øA½,"""맑음""",0,-3,5,0,1,0,1
354,2020-12-01,486680335.0,11B10101,202011250600,202012010000,A01,109,2,WB03,WB00,¾øA½,"""구름많음""",20,-3,5,1,1,1,1
355,2020-12-02,474650382.0,11B10101,202011250600,202012020000,A01,109,2,WB03,WB00,¾øA½,"""구름많음""",20,-1,6,2,1,2,1
356,2020-12-03,460059722.0,11B10101,202011250600,202012030000,A01,109,2,WB03,WB00,¾øA½,"""구름많음""",20,-2,5,1,1,1,1
357,2020-12-04,460269196.0,11B10101,202011250600,202012040000,A01,109,2,WB01,WB00,¾øA½,"""맑음""",10,-3,4,1,1,1,1
358,2020-12-05,505383706.0,,,,,,,,,,,,,,,,,
359,2020-12-06,620383064.0,,,,,,,,,,,,,,,,,
360,2020-12-07,516051277.0,11B10101,202012040600,202012070000,A01,109,2,WB03,WB00,¾øA½,"""구름많음""",20,1,7,2,1,1,1
361,2020-12-08,466046160.0,11B10101,202012040600,202012080000,A01,109,2,WB01,WB00,¾øA½,"""맑음""",0,-3,4,3,2,2,2
362,2020-12-09,466546095.0,11B10101,202012040600,202012090000,A01,109,2,WB03,WB00,¾øA½,"""구름많음""",20,-3,5,1,2,2,2
363,2020-12-10,463204801.0,11B10101,202012040600,202012100000,A01,109,2,WB04,WB00,¾øA½,"""흐림""",40,0,6,1,4,2,2
364,2020-12-11,448217490.0,11B10101,202012040600,202012110000,A01,109,2,WB01,WB00,¾øA½,"""맑음""",20,-2,5,2,2,2,2
365,2020-12-12,499110336.0,11B10101,202012040600,202012120000,A01,109,2,WB01,WB00,¾øA½,"""맑음""",20,-2,5,2,2,2,2
366,2020-12-13,564601227.0,11B10101,202012040600,202012130000,A01,109,2,WB01,WB00,¾øA½,"""맑음""",20,-1,5,2,2,4,3
367,2020-12-14,487529606.0,,,,,,,,,,,,,,,,,
368,2020-12-15,433818482.0,,,,,,,,,,,,,,,,,
369,2020-12-16,427691523.0,11B10101,202012130600,202012160000,A01,109,2,WB03,WB00,¾øA½,"""구름많음""",20,-10,-2,1,1,1,1
370,2020-12-17,441313465.0,11B10101,202012130600,202012170000,A01,109,2,WB03,WB00,¾øA½,"""구름많음""",20,-7,3,1,1,1,1
371,2020-12-18,425147490.0,11B10101,202012130600,202012180000,A01,109,2,WB03,WB00,¾øA½,"""구름많음""",20,-4,4,2,1,1,2
372,2020-12-19,445972141.0,11B10101,202012130600,202012190000,A01,109,2,WB03,WB00,¾øA½,"""구름많음""",20,-3,2,2,3,2,2
373,2020-12-20,559336274.0,11B10101,202012130600,202012200000,A01,109,2,WB01,WB00,¾øA½,"""맑음""",0,-6,2,1,5,1,1
374,2020-12-21,494722444.0,11B10101,202012130600,202012210000,A01,109,2,WB01,WB00,¾øA½,"""맑음""",20,-5,3,2,2,2,2
375,2020-12-22,443898435.0,11B10101,202012130600,202012220000,A01,109,2,WB01,WB00,¾øA½,"""맑음""",10,-4,3,3,2,4,2
376,2020-12-23,437291681.0,,,,,,,,,,,,,,,,,
377,2020-12-24,444825486.0,,,,,,,,,,,,,,,,,
378,2020-12-25,438462362.0,11B10101,202012220600,202012250000,A01,109,2,WB01,WB00,¾øA½,"""맑음""",0,-5,3,0,0,1,1
379,2020-12-26,513189510.0,11B10101,202012220600,202012260000,A01,109,2,WB01,WB00,¾øA½,"""맑음""",0,-3,6,1,1,2,1
380,2020-12-27,570187891.0,11B10101,202012220600,202012270000,A01,109,2,WB04,WB11,¾øA½,"""흐리고","비/눈""",1,5,1,1,1,1
381,2020-12-28,514003860.0,11B10101,202012220600,202012280000,A01,109,2,WB01,WB00,¾øA½,"""맑음""",10,-4,1,2,2,2,2
382,2020-12-29,447506723.0,11B10101,202012220600,202012290000,A01,109,2,WB01,WB00,¾øA½,"""맑음""",0,-8,-4,2,1,2,3
383,2020-12-30,388704500.0,11B10101,202012220600,202012300000,A01,109,2,WB01,WB00,¾øA½,"""맑음""",0,-12,-5,1,2,1,1
384,2020-12-31,475842133.0,11B10101,202012220600,202012310000,A01,109,2,WB01,WB00,¾øA½,"""맑음""",0,-13,-5,1,1,1,1
385,2021-01-01,422074331.0,,,,,,,,,,,,,,,,,
386,2021-01-02,493889118.0,,,,,,,,,,,,,,,,,
387,2021-01-03,549559860.0,11B10101,202012310600,202101030000,A01,109,2,WB01,WB00,¾øA½,"""맑음""",0,-9,-1,1,1,1,2
388,2021-01-04,487897716.0,11B10101,202012310600,202101040000,A01,109,2,WB01,WB00,¾øA½,"""맑음""",10,-7,1,1,1,2,2
389,2021-01-05,418365430.0,11B10101,202012310600,202101050000,A01,109,2,WB03,WB00,¾øA½,"""구름많음""",20,-6,-1,1,2,1,1
390,2021-01-06,410934630.0,11B10101,202012310600,202101060000,A01,109,2,WB01,WB00,¾øA½,"""맑음""",0,-10,-3,1,1,1,1
391,2021-01-07,331486081.0,11B10101,202012310600,202101070000,A01,109,2,WB01,WB00,¾øA½,"""맑음""",20,-11,-4,2,3,2,3
392,2021-01-08,350371982.0,11B10101,202012310600,202101080000,A01,109,2,WB01,WB00,¾øA½,"""맑음""",10,-12,-5,2,2,1,2
393,2021-01-09,409829368.0,11B10101,202012310600,202101090000,A01,109,2,WB01,WB00,¾øA½,"""맑음""",10,-11,-3,2,3,1,2
394,2021-01-10,539686469.0,,,,,,,,,,,,,,,,,
395,2021-01-11,462702939.0,,,,,,,,,,,,,,,,,
396,2021-01-12,403521528.0,11B10101,202101090600,202101120000,A01,109,2,WB01,WB00,¾øA½,"""맑음""",10,-8,1,1,1,1,1
397,2021-01-13,435017518.0,11B10101,202101090600,202101130000,A01,109,2,WB03,WB00,¾øA½,"""구름많음""",40,-3,6,1,1,3,1
398,2021-01-14,402737689.0,11B10101,202101090600,202101140000,A01,109,2,WB01,WB00,¾øA½,"""맑음""",0,-2,6,2,4,2,1
399,2021-01-15,411140050.0,11B10101,202101090600,202101150000,A01,109,2,WB03,WB00,¾øA½,"""구름많음""",30,-2,5,3,4,3,2
400,2021-01-16,420801349.0,11B10101,202101090600,202101160000,A01,109,2,WB04,WB11,¾øA½,"""흐리고","비/눈""",-1,2,3,1,2,2
401,2021-01-17,537313166.0,11B10101,202101090600,202101170000,A01,109,2,WB01,WB00,¾øA½,"""맑음""",10,-7,-1,1,2,2,2
402,2021-01-18,438814730.0,11B10101,202101090600,202101180000,A01,109,2,WB01,WB00,¾øA½,"""맑음""",10,-8,1,1,2,2,2
403,2021-01-19,403995119.0,,,,,,,,,,,,,,,,,
404,2021-01-20,411242370.0,,,,,,,,,,,,,,,,,
405,2021-01-21,369165370.0,11B10101,202101180600,202101210000,A01,109,2,WB04,WB00,¾øA½,"""흐림""",40,1,5,1,1,1,2
406,2021-01-22,426398394.0,11B10101,202101180600,202101220000,A01,109,2,WB04,WB00,¾øA½,"""흐림""",40,1,6,1,1,1,1
407,2021-01-23,442364640.0,11B10101,202101180600,202101230000,A01,109,2,WB03,WB00,¾øA½,"""구름많음""",30,0,8,1,1,1,1
408,2021-01-24,546397258.0,11B10101,202101180600,202101240000,A01,109,2,WB04,WB11,¾øA½,"""흐리고","비/눈""",1,6,1,1,1,1
409,2021-01-25,489566243.0,11B10101,202101180600,202101250000,A01,109,2,WB01,WB00,¾øA½,"""맑음""",0,-2,7,3,2,2,1
410,2021-01-26,401912145.0,11B10101,202101180600,202101260000,A01,109,2,WB04,WB00,¾øA½,"""흐림""",40,-1,5,1,2,1,1
411,2021-01-27,430796939.0,11B10101,202101180600,202101270000,A01,109,2,WB03,WB00,¾øA½,"""구름많음""",30,-2,5,2,2,2,2
412,2021-01-28,373788830.0,,,,,,,,,,,,,,,,,
413,2021-01-29,366602525.0,,,,,,,,,,,,,,,,,
414,2021-01-30,427098565.0,11B10101,202101270600,202101300000,A01,109,2,WB01,WB00,¾øA½,"""맑음""",20,-7,5,2,2,1,1
415,2021-01-31,545671098.0,11B10101,202101270600,202101310000,A01,109,2,WB03,WB00,¾øA½,"""구름많음""",20,-3,7,3,3,2,2
416,2021-02-01,446423291.0,11B10101,202101270600,202102010000,A01,109,2,WB03,WB00,¾øA½,"""구름많음""",20,0,7,3,2,2,2
417,2021-02-02,396350589.0,11B10101,202101270600,202102020000,A01,109,2,WB01,WB00,¾øA½,"""맑음""",10,-6,1,2,4,3,3
418,2021-02-03,411345651.0,11B10101,202101270600,202102030000,A01,109,2,WB01,WB00,¾øA½,"""맑음""",10,-7,1,1,3,2,3
419,2021-02-04,384880200.0,11B10101,202101270600,202102040000,A01,109,2,WB01,WB00,¾øA½,"""맑음""",20,-6,-1,2,3,2,5
420,2021-02-05,412746152.0,11B10101,202101270600,202102050000,A01,109,2,WB01,WB00,¾øA½,"""맑음""",10,-8,0,3,4,1,3
421,2021-02-06,444223795.0,,,,,,,,,,,,,,,,,
422,2021-02-07,561314091.0,,,,,,,,,,,,,,,,,
423,2021-02-08,483989431.0,11B10101,202102050600,202102080000,A01,109,2,WB01,WB00,¾øA½,"""맑음""",0,-6,2,1,0,1,1
424,2021-02-09,467726440.0,11B10101,202102050600,202102090000,A01,109,2,WB01,WB00,¾øA½,"""맑음""",0,-3,6,1,1,1,1
425,2021-02-10,550745526.0,11B10101,202102050600,202102100000,A01,109,2,WB03,WB00,¾øA½,"""구름많음""",30,0,7,1,1,1,1
426,2021-02-11,610323869.0,11B10101,202102050600,202102110000,A01,109,2,WB01,WB00,¾øA½,"""맑음""",10,0,7,3,1,1,1
427,2021-02-12,415789047.0,11B10101,202102050600,202102120000,A01,109,2,WB03,WB00,¾øA½,"""구름많음""",20,-1,8,2,2,2,1
428,2021-02-13,437097278.0,11B10101,202102050600,202102130000,A01,109,2,WB03,WB00,¾øA½,"""구름많음""",30,0,7,2,2,2,2
429,2021-02-14,543628032.0,11B10101,202102050600,202102140000,A01,109,2,WB01,WB00,¾øA½,"""맑음""",20,-2,5,3,2,3,2
430,2021-02-15,525752778.0,,,,,,,,,,,,,,,,,
431,2021-02-16,394832010.0,,,,,,,,,,,,,,,,,
432,2021-02-17,375894761.0,11B10101,202102140600,202102170000,A01,109,2,WB01,WB00,¾øA½,"""맑음""",0,-10,-5,0,1,1,1
433,2021-02-18,412007324.0,11B10101,202102140600,202102180000,A01,109,2,WB01,WB00,¾øA½,"""맑음""",0,-8,1,1,1,1,1
434,2021-02-19,410437960.0,11B10101,202102140600,202102190000,A01,109,2,WB01,WB00,¾øA½,"""맑음""",0,-4,8,2,2,2,1
435,2021-02-20,443541657.0,11B10101,202102140600,202102200000,A01,109,2,WB01,WB00,¾øA½,"""맑음""",0,2,13,2,1,1,1
436,2021-02-21,564993916.0,11B10101,202102140600,202102210000,A01,109,2,WB01,WB00,¾øA½,"""맑음""",20,4,12,3,2,2,1
437,2021-02-22,484598407.0,11B10101,202102140600,202102220000,A01,109,2,WB03,WB00,¾øA½,"""구름많음""",30,3,10,4,1,3,2
438,2021-02-23,387990462.0,11B10101,202102140600,202102230000,A01,109,2,WB03,WB00,¾øA½,"""구름많음""",30,1,9,3,4,2,2
439,2021-02-24,415795628.0,,,,,,,,,,,,,,,,,
440,2021-02-25,402865903.0,,,,,,,,,,,,,,,,,
441,2021-02-26,399123793.0,11B10101,202102230600,202102260000,A01,109,2,WB03,WB00,¾øA½,"""구름많음""",30,2,13,2,1,1,2
442,2021-02-27,385001856.0,11B10101,202102230600,202102270000,A01,109,2,WB01,WB00,¾øA½,"""맑음""",10,2,14,1,2,1,1
443,2021-02-28,454828449.0,11B10101,202102230600,202102280000,A01,109,2,WB01,WB00,¾øA½,"""맑음""",20,2,14,2,2,1,1
444,2021-03-01,386269957.0,11B10101,202102230600,202103010000,A01,109,2,WB04,WB09,¾øA½,"""흐리고","비""",5,10,1,2,2,2
445,2021-03-02,557207109.0,11B10101,202102230600,202103020000,A01,109,2,WB01,WB00,¾øA½,"""맑음""",20,-1,6,4,3,2,1
446,2021-03-03,422164050.0,11B10101,202102230600,202103030000,A01,109,2,WB01,WB00,¾øA½,"""맑음""",0,-2,6,2,2,2,1
447,2021-03-04,402406499.0,11B10101,202102230600,202103040000,A01,109,2,WB03,WB00,¾øA½,"""구름많음""",30,-1,9,2,1,1,1
448,2021-03-05,387295230.0,,,,,,,,,,,,,,,,,
449,2021-03-06,403859346.0,,,,,,,,,,,,,,,,,
450,2021-03-07,538053623.0,11B10101,202103040600,202103070000,A01,109,2,WB03,WB00,¾øA½,"""구름많음""",30,1,9,1,2,1,1
451,2021-03-08,472236913.0,11B10101,202103040600,202103080000,A01,109,2,WB01,WB00,¾øA½,"""맑음""",0,0,12,1,1,1,1
452,2021-03-09,407508651.0,11B10101,202103040600,202103090000,A01,109,2,WB03,WB00,¾øA½,"""구름많음""",30,3,12,3,2,1,1
453,2021-03-10,400220689.0,11B10101,202103040600,202103100000,A01,109,2,WB01,WB00,¾øA½,"""맑음""",0,3,14,2,3,1,1
454,2021-03-11,394675399.0,11B10101,202103040600,202103110000,A01,109,2,WB03,WB00,¾øA½,"""구름많음""",30,4,13,2,2,1,1
455,2021-03-12,381472989.0,11B10101,202103040600,202103120000,A01,109,2,WB04,WB00,¾øA½,"""흐림""",40,4,13,1,1,1,1
456,2021-03-13,416770627.0,11B10101,202103040600,202103130000,A01,109,2,WB01,WB00,¾øA½,"""맑음""",10,3,13,2,2,1,1
457,2021-03-14,527194948.0,,,,,,,,,,,,,,,,,
458,2021-03-15,469908775.0,,,,,,,,,,,,,,,,,
459,2021-03-16,409044824.0,11B10101,202103130600,202103160000,A01,109,2,WB03,WB09,¾øA½,"""구름많고","비""",5,14,1,1,1,1
460,2021-03-17,401697899.0,11B10101,202103130600,202103170000,A01,109,2,WB01,WB00,¾øA½,"""맑음""",0,3,15,1,4,2,2
461,2021-03-18,392490039.0,11B10101,202103130600,202103180000,A01,109,2,WB04,WB00,¾øA½,"""흐림""",40,6,16,3,2,2,1
462,2021-03-19,398425683.0,11B10101,202103130600,202103190000,A01,109,2,WB03,WB00,¾øA½,"""구름많음""",20,6,16,2,2,1,2
463,2021-03-20,357244767.0,11B10101,202103130600,202103200000,A01,109,2,WB04,WB00,¾øA½,"""흐림""",40,5,12,2,2,1,1
464,2021-03-21,529496549.0,11B10101,202103130600,202103210000,A01,109,2,WB03,WB00,¾øA½,"""구름많음""",40,3,12,1,1,2,2
465,2021-03-22,482471042.0,11B10101,202103130600,202103220000,A01,109,2,WB01,WB00,¾øA½,"""맑음""",10,3,12,1,2,2,1
466,2021-03-23,412434229.0,,,,,,,,,,,,,,,,,
467,2021-03-24,395630101.0,,,,,,,,,,,,,,,,,
468,2021-03-25,393613735.0,11B10101,202103220600,202103250000,A01,109,2,WB03,WB00,¾øA½,"""구름많음""",40,7,17,1,2,1,1
469,2021-03-26,382421407.0,11B10101,202103220600,202103260000,A01,109,2,WB03,WB00,¾øA½,"""구름많음""",30,7,17,1,1,1,1
470,2021-03-27,341972626.0,11B10101,202103220600,202103270000,A01,109,2,WB04,WB00,¾øA½,"""흐림""",40,9,15,1,1,2,1
471,2021-03-28,489243899.0,11B10101,202103220600,202103280000,A01,109,2,WB04,WB09,¾øA½,"""흐리고","비""",10,16,1,2,1,3
472,2021-03-29,481931893.0,11B10101,202103220600,202103290000,A01,109,2,WB01,WB00,¾øA½,"""맑음""",20,7,17,1,2,1,2
473,2021-03-30,415814594.0,11B10101,202103220600,202103300000,A01,109,2,WB03,WB00,¾øA½,"""구름많음""",30,7,18,1,1,1,2
474,2021-03-31,396140904.0,11B10101,202103220600,202103310000,A01,109,2,WB03,WB00,¾øA½,"""구름많음""",30,9,19,2,1,1,3
475,2021-04-03,,11B10101,202103310600,202104030000,A01,109,2,WB04,WB09,¾øA½,"""흐리고","비""",13,18,1,1,1,3
476,2021-04-04,,11B10101,202103310600,202104040000,A01,109,2,WB04,WB09,¾øA½,"""흐리고","비""",9,14,1,1,1,2
477,2021-04-05,,11B10101,202103310600,202104050000,A01,109,2,WB01,WB00,¾øA½,"""맑음""",10,5,17,2,1,1,2
478,2021-04-06,,11B10101,202103310600,202104060000,A01,109,2,WB04,WB00,¾øA½,"""흐림""",40,8,15,1,1,1,1
479,2021-04-07,,11B10101,202103310600,202104070000,A01,109,2,WB01,WB00,¾øA½,"""맑음""",0,6,16,1,1,1,1
480,2021-04-08,,11B10101,202103310600,202104080000,A01,109,2,WB01,WB00,¾øA½,"""맑음""",0,7,16,2,2,3,1
481,2021-04-09,,11B10101,202103310600,202104090000,A01,109,2,WB01,WB00,¾øA½,"""맑음""",10,7,17,3,2,3,2
482,2021-04-12,,11B10101,202104090600,202104120000,A01,109,2,WB03,WB00,¾øA½,"""구름많음""",30,10,18,1,1,2,1
483,2021-04-13,,11B10101,202104090600,202104130000,A01,109,2,WB04,WB09,¾øA½,"""흐리고","비""",12,18,2,1,2,1
484,2021-04-14,,11B10101,202104090600,202104140000,A01,109,2,WB01,WB00,¾øA½,"""맑음""",0,6,17,2,2,2,2
485,2021-04-15,,11B10101,202104090600,202104150000,A01,109,2,WB01,WB00,¾øA½,"""맑음""",0,7,18,2,2,2,2
486,2021-04-16,,11B10101,202104090600,202104160000,A01,109,2,WB03,WB00,¾øA½,"""구름많음""",40,8,17,2,2,2,2
487,2021-04-17,,11B10101,202104090600,202104170000,A01,109,2,WB01,WB00,¾øA½,"""맑음""",20,8,19,2,2,2,2
488,2021-04-18,,11B10101,202104090600,202104180000,A01,109,2,WB01,WB00,¾øA½,"""맑음""",10,10,19,2,2,2,2
489,2021-04-21,,11B10101,202104180600,202104210000,A01,109,2,WB03,WB00,¾øA½,"""구름많음""",30,11,25,3,2,1,1
490,2021-04-22,,11B10101,202104180600,202104220000,A01,109,2,WB03,WB00,¾øA½,"""구름많음""",30,13,25,1,2,2,1
491,2021-04-23,,11B10101,202104180600,202104230000,A01,109,2,WB03,WB00,¾øA½,"""구름많음""",30,13,22,1,2,3,4
492,2021-04-24,,11B10101,202104180600,202104240000,A01,109,2,WB03,WB00,¾øA½,"""구름많음""",30,11,23,3,2,2,2
493,2021-04-25,,11B10101,202104180600,202104250000,A01,109,2,WB01,WB00,¾øA½,"""맑음""",10,12,22,3,3,2,1
494,2021-04-26,,11B10101,202104180600,202104260000,A01,109,2,WB03,WB00,¾øA½,"""구름많음""",30,11,21,1,2,2,2
495,2021-04-27,,11B10101,202104180600,202104270000,A01,109,2,WB03,WB00,¾øA½,"""구름많음""",30,10,20,1,2,2,2
496,2021-04-30,,11B10101,202104270600,202104300000,A01,109,2,WB04,WB09,¾øA½,"""흐리고","비""",11,18,1,1,2,2
497,2021-05-01,384494959.0,11B10101,202104270600,202105010000,A01,109,2,WB03,WB09,¾øA½,"""구름많고","비""",9,17,1,1,1,1
498,2021-05-02,547449873.0,11B10101,202104270600,202105020000,A01,109,2,WB01,WB00,¾øA½,"""맑음""",10,9,20,1,1,1,1
499,2021-05-03,494937017.0,11B10101,202104270600,202105030000,A01,109,2,WB03,WB00,¾øA½,"""구름많음""",30,11,22,2,1,1,1
500,2021-05-04,352153326.0,11B10101,202104270600,202105040000,A01,109,2,WB04,WB09,¾øA½,"""흐리고","비""",14,22,2,1,2,2
501,2021-05-05,494823769.0,11B10101,202104270600,202105050000,A01,109,2,WB04,WB00,¾øA½,"""흐림""",40,13,21,2,2,2,3
502,2021-05-06,464455959.0,11B10101,202104270600,202105060000,A01,109,2,WB01,WB00,¾øA½,"""맑음""",20,12,21,1,1,1,1
503,2021-05-07,390750613.0,,,,,,,,,,,,,,,,,
504,2021-05-08,453243464.0,,,,,,,,,,,,,,,,,
505,2021-05-09,567550334.0,11B10101,202105060600,202105090000,A01,109,2,WB01,WB00,¾øA½,"""맑음""",0,11,20,1,1,1,1
506,2021-05-10,478706075.0,11B10101,202105060600,202105100000,A01,109,2,WB03,WB00,¾øA½,"""구름많음""",30,12,21,1,2,1,1
507,2021-05-11,453169449.0,11B10101,202105060600,202105110000,A01,109,2,WB03,WB00,¾øA½,"""구름많음""",30,13,24,2,1,2,1
508,2021-05-12,440301626.0,11B10101,202105060600,202105120000,A01,109,2,WB01,WB00,¾øA½,"""맑음""",10,15,25,2,2,1,2
509,2021-05-13,446770892.0,11B10101,202105060600,202105130000,A01,109,2,WB01,WB00,¾øA½,"""맑음""",10,14,26,1,2,1,2
510,2021-05-14,444267659.0,11B10101,202105060600,202105140000,A01,109,2,WB01,WB00,¾øA½,"""맑음""",10,15,26,1,2,2,1
511,2021-05-15,422588137.0,11B10101,202105060600,202105150000,A01,109,2,WB03,WB00,¾øA½,"""구름많음""",30,16,25,2,1,2,2
512,2021-05-16,509114568.0,,,,,,,,,,,,,,,,,
513,2021-05-17,603141806.0,,,,,,,,,,,,,,,,,
514,2021-05-18,470386536.0,11B10101,202105150600,202105180000,A01,109,2,WB03,WB00,¾øA½,"""구름많음""",30,14,25,1,1,1,1
515,2021-05-19,498387437.0,11B10101,202105150600,202105190000,A01,109,2,WB01,WB00,¾øA½,"""맑음""",0,15,26,1,1,1,1
516,2021-05-20,461245235.0,11B10101,202105150600,202105200000,A01,109,2,WB03,WB00,¾øA½,"""구름많음""",30,17,26,2,1,2,3
517,2021-05-21,435455309.0,11B10101,202105150600,202105210000,A01,109,2,WB04,WB00,¾øA½,"""흐림""",40,16,24,1,2,1,3
518,2021-05-22,491607809.0,11B10101,202105150600,202105220000,A01,109,2,WB01,WB00,¾øA½,"""맑음""",10,15,26,1,2,1,1
519,2021-05-23,589078023.0,11B10101,202105150600,202105230000,A01,109,2,WB03,WB00,¾øA½,"""구름많음""",30,17,27,1,2,2,2
520,2021-05-24,521211250.0,11B10101,202105150600,202105240000,A01,109,2,WB03,WB00,¾øA½,"""구름많음""",30,17,26,2,3,2,3
521,2021-05-25,431732947.0,,,,,,,,,,,,,,,,,
522,2021-05-26,453047935.0,,,,,,,,,,,,,,,,,
523,2021-05-27,420799907.0,11B10101,202105240600,202105270000,A01,109,2,WB04,WB09,¾øA½,"""흐리고","비""",15,22,1,1,2,1
524,2021-05-28,421553987.0,11B10101,202105240600,202105280000,A01,109,2,WB03,WB00,¾øA½,"""구름많음""",40,15,22,1,1,1,2
525,2021-05-29,460817861.0,11B10101,202105240600,202105290000,A01,109,2,WB01,WB00,¾øA½,"""맑음""",20,14,23,1,1,1,1
526,2021-05-30,562838486.0,11B10101,202105240600,202105300000,A01,109,2,WB01,WB00,¾øA½,"""맑음""",10,15,25,2,1,1,1
527,2021-05-31,545210299.0,11B10101,202105240600,202105310000,A01,109,2,WB01,WB00,¾øA½,"""맑음""",10,16,26,3,2,1,1
528,2021-06-01,474423348.0,11B10101,202105240600,202106010000,A01,109,2,WB03,WB00,¾øA½,"""구름많음""",20,16,26,2,1,2,2
529,2021-06-02,479393077.0,11B10101,202105240600,202106020000,A01,109,2,WB03,WB00,¾øA½,"""구름많음""",30,18,26,2,2,1,2
530,2021-06-03,382715595.0,,,,,,,,,,,,,,,,,
531,2021-06-04,506193040.0,,,,,,,,,,,,,,,,,
532,2021-06-05,498842146.0,11B10101,202106020600,202106050000,A01,109,2,WB01,WB00,¾øA½,"""맑음""",0,15,25,1,1,0,1
533,2021-06-06,631117740.0,11B10101,202106020600,202106060000,A01,109,2,WB01,WB00,¾øA½,"""맑음""",10,16,25,1,0,1,0
534,2021-06-07,542451419.0,11B10101,202106020600,202106070000,A01,109,2,WB03,WB00,¾øA½,"""구름많음""",20,17,27,1,0,1,1
535,2021-06-08,492827472.0,11B10101,202106020600,202106080000,A01,109,2,WB03,WB00,¾øA½,"""구름많음""",20,18,29,1,1,1,1
536,2021-06-09,486150669.0,11B10101,202106020600,202106090000,A01,109,2,WB03,WB00,¾øA½,"""구름많음""",30,19,28,1,1,1,2
537,2021-06-10,461296965.0,11B10101,202106020600,202106100000,A01,109,2,WB03,WB00,¾øA½,"""구름많음""",30,19,28,2,1,2,2
538,2021-06-11,483420343.0,11B10101,202106020600,202106110000,A01,109,2,WB03,WB00,¾øA½,"""구름많음""",30,19,28,2,2,1,2
539,2021-06-12,529935698.0,,,,,,,,,,,,,,,,,
540,2021-06-13,642853846.0,,,,,,,,,,,,,,,,,
541,2021-06-14,577475094.0,11B10101,202106110600,202106140000,A01,109,2,WB03,WB00,¾øA½,"""구름많음""",30,21,31,0,0,1,1
542,2021-06-15,492084235.0,11B10101,202106110600,202106150000,A01,109,2,WB03,WB00,¾øA½,"""구름많음""",30,20,30,1,1,1,1
543,2021-06-16,495580879.0,11B10101,202106110600,202106160000,A01,109,2,WB03,WB00,¾øA½,"""구름많음""",30,20,30,1,1,1,1
544,2021-06-17,476133906.0,11B10101,202106110600,202106170000,A01,109,2,WB04,WB09,¾øA½,"""흐리고","비""",21,26,1,1,1,2
545,2021-06-18,452126470.0,11B10101,202106110600,202106180000,A01,109,2,WB04,WB00,¾øA½,"""흐림""",40,20,27,1,1,3,1
546,2021-06-19,534647688.0,11B10101,202106110600,202106190000,A01,109,2,WB01,WB00,¾øA½,"""맑음""",10,19,28,1,1,1,2
547,2021-06-20,635855805.0,11B10101,202106110600,202106200000,A01,109,2,WB01,WB00,¾øA½,"""맑음""",10,19,28,2,2,1,2
548,2021-06-21,576464965.0,,,,,,,,,,,,,,,,,
549,2021-06-22,492243859.0,,,,,,,,,,,,,,,,,
550,2021-06-23,484924080.0,11B10101,202106200600,202106230000,A01,109,2,WB03,WB00,¾øA½,"""구름많음""",40,19,27,1,1,0,1
551,2021-06-24,484524201.0,11B10101,202106200600,202106240000,A01,109,2,WB03,WB00,¾øA½,"""구름많음""",30,19,28,1,0,1,1
552,2021-06-25,476593686.0,11B10101,202106200600,202106250000,A01,109,2,WB03,WB00,¾øA½,"""구름많음""",30,20,28,1,1,1,1
553,2021-06-26,521303568.0,11B10101,202106200600,202106260000,A01,109,2,WB03,WB00,¾øA½,"""구름많음""",30,21,29,1,1,1,1
554,2021-06-27,612279646.0,11B10101,202106200600,202106270000,A01,109,2,WB03,WB00,¾øA½,"""구름많음""",30,21,29,1,1,1,1
555,2021-06-28,578095122.0,11B10101,202106200600,202106280000,A01,109,2,WB03,WB00,¾øA½,"""구름많음""",30,21,29,1,1,2,1
556,2021-06-29,507051923.0,11B10101,202106200600,202106290000,A01,109,2,WB03,WB00,¾øA½,"""구름많음""",40,21,28,1,1,2,1
557,2021-06-30,500730048.0,,,,,,,,,,,,,,,,,
558,2021-07-01,500807980.0,,,,,,,,,,,,,,,,,
559,2021-07-02,487637410.0,11B10101,202106290600,202107020000,A01,109,2,WB03,WB00,¾øA½,"""구름많음""",20,22,31,0,0,1,1
560,2021-07-03,450255562.0,11B10101,202106290600,202107030000,A01,109,2,WB04,WB00,¾øA½,"""흐림""",40,21,30,1,1,2,1
561,2021-07-04,701012330.0,11B10101,202106290600,202107040000,A01,109,2,WB04,WB00,¾øA½,"""흐림""",40,21,29,1,1,1,2
562,2021-07-05,585200026.0,11B10101,202106290600,202107050000,A01,109,2,WB04,WB00,¾øA½,"""흐림""",40,22,29,1,1,1,1
563,2021-07-06,508091326.0,11B10101,202106290600,202107060000,A01,109,2,WB04,WB00,¾øA½,"""흐림""",40,22,29,1,1,1,2
564,2021-07-07,493207975.0,11B10101,202106290600,202107070000,A01,109,2,WB04,WB00,¾øA½,"""흐림""",40,22,29,1,1,2,2
565,2021-07-08,515110462.0,11B10101,202106290600,202107080000,A01,109,2,WB04,WB09,¾øA½,"""흐리고","비""",22,29,1,1,1,1
566,2021-07-09,499413555.0,,,,,,,,,,,,,,,,,
567,2021-07-10,581148042.0,,,,,,,,,,,,,,,,,
568,2021-07-11,699984405.0,11B10101,202107080600,202107110000,A01,109,2,WB04,WB00,¾øA½,"""흐림""",40,24,31,1,0,1,0
569,2021-07-12,607317872.0,11B10101,202107080600,202107120000,A01,109,2,WB04,WB00,¾øA½,"""흐림""",40,23,34,1,0,1,1
570,2021-07-13,556173837.0,11B10101,202107080600,202107130000,A01,109,2,WB03,WB00,¾øA½,"""구름많음""",30,25,34,1,1,1,1
571,2021-07-14,552000248.0,11B10101,202107080600,202107140000,A01,109,2,WB03,WB00,¾øA½,"""구름많음""",30,25,33,1,1,1,1
572,2021-07-15,540290022.0,11B10101,202107080600,202107150000,A01,109,2,WB03,WB00,¾øA½,"""구름많음""",30,25,33,1,1,1,1
573,2021-07-16,518159536.0,11B10101,202107080600,202107160000,A01,109,2,WB03,WB00,¾øA½,"""구름많음""",30,24,33,1,1,1,1
574,2021-07-17,590293934.0,11B10101,202107080600,202107170000,A01,109,2,WB03,WB00,¾øA½,"""구름많음""",30,24,32,1,1,1,1
575,2021-07-18,696883918.0,,,,,,,,,,,,,,,,,
576,2021-07-19,599082665.0,,,,,,,,,,,,,,,,,
577,2021-07-20,551012033.0,11B10101,202107170600,202107200000,A01,109,2,WB04,WB00,¾øA½,"""흐림""",40,25,34,0,1,2,1
578,2021-07-21,557014404.0,11B10101,202107170600,202107210000,A01,109,2,WB03,WB00,¾øA½,"""구름많음""",30,26,34,1,1,1,1
579,2021-07-22,552735146.0,11B10101,202107170600,202107220000,A01,109,2,WB03,WB00,¾øA½,"""구름많음""",20,25,34,1,1,1,1
580,2021-07-23,526892423.0,11B10101,202107170600,202107230000,A01,109,2,WB01,WB00,¾øA½,"""맑음""",10,25,34,1,1,1,1
581,2021-07-24,591415492.0,11B10101,202107170600,202107240000,A01,109,2,WB01,WB00,¾øA½,"""맑음""",10,25,33,1,1,1,1
582,2021-07-25,677423410.0,11B10101,202107170600,202107250000,A01,109,2,WB01,WB00,¾øA½,"""맑음""",20,24,33,1,1,1,1
583,2021-07-26,581245285.0,11B10101,202107170600,202107260000,A01,109,2,WB03,WB00,¾øA½,"""구름많음""",30,25,33,1,1,1,1
584,2021-07-27,535055800.0,,,,,,,,,,,,,,,,,
585,2021-07-28,513887930.0,,,,,,,,,,,,,,,,,
586,2021-07-29,512028898.0,11B10101,202107260600,202107290000,A01,109,2,WB01,WB00,¾øA½,"""맑음""",10,25,34,1,0,1,1
587,2021-07-30,494759304.0,11B10101,202107260600,202107300000,A01,109,2,WB03,WB00,¾øA½,"""구름많음""",30,26,34,0,1,1,1
588,2021-07-31,546225447.0,11B10101,202107260600,202107310000,A01,109,2,WB03,WB00,¾øA½,"""구름많음""",30,26,35,1,1,1,1
